file,split,issue,detail
codebrim_image_0000284.jpg,train,tiny_bbox,class=rust area=0.000568
codebrim_image_0000284.jpg,train,tiny_bbox,class=damage area=0.000568
codebrim_image_0000284.jpg,train,tiny_bbox,class=rust area=0.000307
codebrim_image_0000284.jpg,train,tiny_bbox,class=damage area=0.000307
codebrim_image_0000284.jpg,train,tiny_bbox,class=rust area=0.000988
codebrim_image_0000284.jpg,train,tiny_bbox,class=damage area=0.000988
codebrim_image_0000321.jpg,train,tiny_bbox,class=damage area=0.000516
codebrim_image_0000321.jpg,train,tiny_bbox,class=damage area=0.000495
codebrim_image_0000321.jpg,train,tiny_bbox,class=damage area=0.000746
codebrim_image_0000355.jpg,train,huge_bbox,class=rust area=0.8222
codebrim_image_0000355.jpg,train,huge_bbox,class=damage area=0.8222
codebrim_image_0000356.jpg,train,tiny_bbox,class=rust area=0.000321
codebrim_image_0000356.jpg,train,tiny_bbox,class=damage area=0.000321
codebrim_image_0000398.jpg,train,tiny_bbox,class=rust area=0.000676
codebrim_image_0000398.jpg,train,tiny_bbox,class=damage area=0.000676
codebrim_image_0000406.jpg,train,tiny_bbox,class=rust area=0.000802
codebrim_image_0000406.jpg,train,tiny_bbox,class=damage area=0.000802
codebrim_image_0000406.jpg,train,tiny_bbox,class=rust area=0.000728
codebrim_image_0000406.jpg,train,tiny_bbox,class=damage area=0.000728
codebrim_image_0000441.jpg,train,tiny_bbox,class=rust area=0.000590
codebrim_image_0000441.jpg,train,tiny_bbox,class=damage area=0.000590
codebrim_image_0000441.jpg,train,tiny_bbox,class=rust area=0.000147
codebrim_image_0000441.jpg,train,tiny_bbox,class=damage area=0.000147
codebrim_image_0000457.jpg,train,tiny_bbox,class=rust area=0.000962
codebrim_image_0000457.jpg,train,tiny_bbox,class=damage area=0.000962
codebrim_image_0000461.jpg,train,tiny_bbox,class=damage area=0.000785
codebrim_image_0000461.jpg,train,tiny_bbox,class=damage area=0.000728
codebrim_image_0000461.jpg,train,tiny_bbox,class=damage area=0.000443
codebrim_image_0000481.jpg,train,tiny_bbox,class=damage area=0.000886
codebrim_image_0000527.jpg,train,tiny_bbox,class=rust area=0.000818
codebrim_image_0000540.jpg,train,tiny_bbox,class=rust area=0.000471
codebrim_image_0000540.jpg,train,tiny_bbox,class=damage area=0.000471
codebrim_image_0000540.jpg,train,tiny_bbox,class=rust area=0.000388
codebrim_image_0000540.jpg,train,tiny_bbox,class=rust area=0.000570
codebrim_image_0000540.jpg,train,tiny_bbox,class=damage area=0.000570
codebrim_image_0000540.jpg,train,tiny_bbox,class=rust area=0.000455
codebrim_image_0000545.jpg,train,tiny_bbox,class=rust area=0.000294
codebrim_image_0000545.jpg,train,tiny_bbox,class=rust area=0.000975
codebrim_image_0000545.jpg,train,tiny_bbox,class=damage area=0.000975
codebrim_image_0000555.jpg,train,tiny_bbox,class=rust area=0.000921
codebrim_image_0000555.jpg,train,tiny_bbox,class=damage area=0.000921
codebrim_image_0000557.jpg,train,tiny_bbox,class=damage area=0.000994
codebrim_image_0000570.jpg,train,tiny_bbox,class=damage area=0.000819
codebrim_image_0000570.jpg,train,tiny_bbox,class=damage area=0.000974
codebrim_image_0000605.jpg,train,tiny_bbox,class=rust area=0.000691
codebrim_image_0000605.jpg,train,tiny_bbox,class=damage area=0.000691
codebrim_image_0000605.jpg,train,tiny_bbox,class=rust area=0.000770
codebrim_image_0000605.jpg,train,tiny_bbox,class=damage area=0.000770
codebrim_image_0000670.jpg,train,tiny_bbox,class=damage area=0.000613
codebrim_image_0000670.jpg,train,tiny_bbox,class=damage area=0.000762
codebrim_image_0000673.jpg,train,tiny_bbox,class=rust area=0.000552
codebrim_image_0000673.jpg,train,tiny_bbox,class=damage area=0.000552
codebrim_image_0000678.jpg,train,huge_bbox,class=rust area=0.9955
codebrim_image_0000678.jpg,train,huge_bbox,class=damage area=0.9955
codebrim_image_0000697.jpg,train,huge_bbox,class=rust area=0.9915
codebrim_image_0000697.jpg,train,huge_bbox,class=damage area=0.9915
codebrim_image_0000705.jpg,train,tiny_bbox,class=rust area=0.000687
codebrim_image_0000713.jpg,train,tiny_bbox,class=damage area=0.000966
codebrim_image_0000715.jpg,train,huge_bbox,class=rust area=0.8845
codebrim_image_0000715.jpg,train,huge_bbox,class=damage area=0.8845
codebrim_image_0000716.jpg,train,huge_bbox,class=rust area=0.8967
codebrim_image_0000716.jpg,train,huge_bbox,class=damage area=0.8967
codebrim_image_0000720.jpg,train,huge_bbox,class=rust area=0.8419
codebrim_image_0000720.jpg,train,huge_bbox,class=damage area=0.8419
codebrim_image_0000724.jpg,train,huge_bbox,class=rust area=0.8560
codebrim_image_0000724.jpg,train,huge_bbox,class=damage area=0.8560
codebrim_image_0000728.jpg,train,tiny_bbox,class=damage area=0.000661
codebrim_image_0000728.jpg,train,tiny_bbox,class=damage area=0.000549
codebrim_image_0000730.jpg,train,huge_bbox,class=rust area=0.9961
codebrim_image_0000730.jpg,train,huge_bbox,class=damage area=0.9961
codebrim_image_0000732.jpg,train,huge_bbox,class=rust area=0.8696
codebrim_image_0000732.jpg,train,huge_bbox,class=damage area=0.8696
codebrim_image_0000734.jpg,train,huge_bbox,class=rust area=0.9953
codebrim_image_0000734.jpg,train,huge_bbox,class=damage area=0.9953
codebrim_image_0000736.jpg,train,huge_bbox,class=rust area=0.9991
codebrim_image_0000736.jpg,train,huge_bbox,class=damage area=0.9991
codebrim_image_0000739.jpg,train,huge_bbox,class=rust area=0.8230
codebrim_image_0000739.jpg,train,huge_bbox,class=damage area=0.8230
codebrim_image_0000740.jpg,train,huge_bbox,class=rust area=0.9994
codebrim_image_0000740.jpg,train,huge_bbox,class=damage area=0.9994
codebrim_image_0000741.jpg,train,huge_bbox,class=rust area=0.9250
codebrim_image_0000741.jpg,train,huge_bbox,class=damage area=0.9250
codebrim_image_0000743.jpg,train,huge_bbox,class=rust area=0.9918
codebrim_image_0000743.jpg,train,huge_bbox,class=damage area=0.9918
codebrim_image_0000748.jpg,train,tiny_bbox,class=rust area=0.000635
codebrim_image_0000748.jpg,train,tiny_bbox,class=rust area=0.000815
codebrim_image_0000755.jpg,train,huge_bbox,class=rust area=0.8021
codebrim_image_0000755.jpg,train,huge_bbox,class=damage area=0.8021
codebrim_image_0000761.jpg,train,tiny_bbox,class=rust area=0.000759
codebrim_image_0000761.jpg,train,tiny_bbox,class=damage area=0.000759
codebrim_image_0000763.jpg,train,huge_bbox,class=rust area=0.9962
codebrim_image_0000763.jpg,train,huge_bbox,class=damage area=0.9962
codebrim_image_0000766.jpg,train,huge_bbox,class=rust area=0.9963
codebrim_image_0000766.jpg,train,huge_bbox,class=damage area=0.9963
codebrim_image_0000770.jpg,train,huge_bbox,class=rust area=0.9482
codebrim_image_0000770.jpg,train,huge_bbox,class=damage area=0.9482
codebrim_image_0000783.jpg,train,huge_bbox,class=rust area=0.8315
codebrim_image_0000783.jpg,train,huge_bbox,class=damage area=0.8315
codebrim_image_0000907.jpg,train,huge_bbox,class=rust area=0.8769
codebrim_image_0000956.jpg,train,tiny_bbox,class=damage area=0.000968
codebrim_image_0000987.jpg,train,tiny_bbox,class=damage area=0.000815
codebrim_image_0000987.jpg,train,tiny_bbox,class=damage area=0.000774
codebrim_image_0000987.jpg,train,tiny_bbox,class=damage area=0.000956
codebrim_image_0000987.jpg,train,tiny_bbox,class=damage area=0.000861
codebrim_image_0000987.jpg,train,tiny_bbox,class=damage area=0.000815
codebrim_image_0000987.jpg,train,tiny_bbox,class=damage area=0.000448
codebrim_image_0000987.jpg,train,tiny_bbox,class=damage area=0.000814
codebrim_image_0000987.jpg,train,tiny_bbox,class=damage area=0.000485
codebrim_image_0000987.jpg,train,tiny_bbox,class=damage area=0.000821
codebrim_image_0000987.jpg,train,tiny_bbox,class=damage area=0.000536
codebrim_image_0000987.jpg,train,tiny_bbox,class=damage area=0.000610
codebrim_image_0000987.jpg,train,tiny_bbox,class=damage area=0.000533
codebrim_image_0000987.jpg,train,tiny_bbox,class=damage area=0.000528
codebrim_image_0000987.jpg,train,tiny_bbox,class=damage area=0.000327
codebrim_image_0000987.jpg,train,tiny_bbox,class=damage area=0.000837
codebrim_image_0000987.jpg,train,tiny_bbox,class=damage area=0.000787
codebrim_image_0000987.jpg,train,tiny_bbox,class=damage area=0.000865
codebrim_image_0000987.jpg,train,tiny_bbox,class=damage area=0.000853
codebrim_image_0000987.jpg,train,tiny_bbox,class=damage area=0.000835
codebrim_image_0000987.jpg,train,tiny_bbox,class=damage area=0.000991
codebrim_image_0001034.jpg,train,tiny_bbox,class=damage area=0.000853
codebrim_image_0001069.jpg,train,huge_bbox,class=rust area=0.8418
codebrim_image_0001069.jpg,train,huge_bbox,class=damage area=0.8418
codebrim_image_0001073.jpg,train,huge_bbox,class=rust area=0.9957
codebrim_image_0001073.jpg,train,huge_bbox,class=damage area=0.9957
codebrim_image_0001083.jpg,train,huge_bbox,class=damage area=0.9964
codebrim_image_0001142.jpg,train,huge_bbox,class=rust area=0.9965
codebrim_image_0001142.jpg,train,huge_bbox,class=damage area=0.9965
codebrim_image_0001192.jpg,train,huge_bbox,class=rust area=0.9880
codebrim_image_0001192.jpg,train,huge_bbox,class=damage area=0.9880
codebrim_image_0001194.jpg,train,huge_bbox,class=rust area=0.9882
codebrim_image_0001194.jpg,train,huge_bbox,class=damage area=0.9882
codebrim_image_0001220.jpg,train,huge_bbox,class=rust area=0.9977
codebrim_image_0001220.jpg,train,huge_bbox,class=damage area=0.9977
codebrim_image_0001227.jpg,train,huge_bbox,class=damage area=0.8004
codebrim_image_0001228.jpg,train,huge_bbox,class=damage area=0.9991
codebrim_image_0001246.jpg,train,huge_bbox,class=damage area=0.9419
codebrim_image_0001250.jpg,train,huge_bbox,class=damage area=0.8499
codebrim_image_0001258.jpg,train,huge_bbox,class=rust area=0.9975
codebrim_image_0001258.jpg,train,huge_bbox,class=damage area=0.9975
codebrim_image_0001259.jpg,train,huge_bbox,class=damage area=0.8058
codebrim_image_0001265.jpg,train,huge_bbox,class=damage area=0.9924
codebrim_image_0001279.jpg,train,huge_bbox,class=rust area=0.9913
codebrim_image_0001279.jpg,train,huge_bbox,class=damage area=0.9913
codebrim_image_0001285.jpg,train,huge_bbox,class=damage area=0.9951
codebrim_image_0001308.jpg,train,tiny_bbox,class=rust area=0.000955
codebrim_image_0001308.jpg,train,tiny_bbox,class=rust area=0.000865
codebrim_image_0001323.jpg,train,huge_bbox,class=rust area=0.9986
codebrim_image_0001323.jpg,train,huge_bbox,class=damage area=0.9986
codebrim_image_0001365.jpg,train,huge_bbox,class=damage area=0.8961
codebrim_image_0001366.jpg,train,huge_bbox,class=rust area=0.8778
codebrim_image_0001366.jpg,train,huge_bbox,class=damage area=0.8778
codebrim_image_0001370.jpg,train,huge_bbox,class=damage area=0.8801
codebrim_image_0001388.jpg,train,huge_bbox,class=rust area=0.9949
codebrim_image_0001388.jpg,train,huge_bbox,class=damage area=0.9949
codebrim_image_0001402.jpg,train,huge_bbox,class=rust area=0.9977
codebrim_image_0001402.jpg,train,huge_bbox,class=damage area=0.9977
codebrim_image_0001430.jpg,train,huge_bbox,class=damage area=0.9942
codebrim_image_0001443.jpg,train,huge_bbox,class=damage area=0.9995
codebrim_image_0001459.jpg,train,huge_bbox,class=damage area=0.9949
codebrim_image_0001482.jpg,train,huge_bbox,class=damage area=0.9964
codebrim_image_0001495.jpg,train,huge_bbox,class=damage area=0.8541
codebrim_image_0001534.jpg,train,huge_bbox,class=damage area=0.9946
codebrim_image_0001547.jpg,train,huge_bbox,class=damage area=0.9959
gc10_10_img_06_4405133600_00035.jpg,train,huge_bbox,class=damage area=0.8011
gc10_10_img_07_4406645900_00897.jpg,train,tiny_bbox,class=damage area=0.000398
gc10_1_img_02_425505500_00018.jpg,train,tiny_bbox,class=damage area=0.000777
gc10_1_img_02_425506300_00018.jpg,train,tiny_bbox,class=damage area=0.000752
gc10_1_img_02_425507200_00018.jpg,train,tiny_bbox,class=damage area=0.000659
gc10_1_img_02_425508300_00017.jpg,train,tiny_bbox,class=damage area=0.000773
gc10_1_img_02_425613600_00582.jpg,train,tiny_bbox,class=damage area=0.000937
gc10_1_img_02_425614700_00001.jpg,train,tiny_bbox,class=damage area=0.000786
gc10_1_img_02_425637900_00899.jpg,train,tiny_bbox,class=damage area=0.000957
gc10_1_img_03_3403393800_01156.jpg,train,tiny_bbox,class=damage area=0.000356
gc10_1_img_03_3403393800_01156.jpg,train,tiny_bbox,class=damage area=0.000937
gc10_1_img_06_425639800_00873.jpg,train,huge_bbox,class=damage area=0.8321
gc10_1_img_06_4406424500_00002.jpg,train,tiny_bbox,class=leak area=0.000781
gc10_1_img_07_425502900_00052.jpg,train,tiny_bbox,class=damage area=0.000820
gc10_2_img_02_3402616100_00002.jpg,train,tiny_bbox,class=damage area=0.000967
gc10_2_img_02_3402616900_00001.jpg,train,tiny_bbox,class=damage area=0.000984
gc10_2_img_02_3402617500_00787.jpg,train,tiny_bbox,class=damage area=0.000500
gc10_2_img_02_3403404600_01001.jpg,train,tiny_bbox,class=damage area=0.000957
gc10_2_img_02_3437009400_00001.jpg,train,tiny_bbox,class=damage area=0.000854
gc10_2_img_02_425392500_00017.jpg,train,tiny_bbox,class=damage area=0.000452
gc10_2_img_02_425505700_00018.jpg,train,tiny_bbox,class=damage area=0.000838
gc10_2_img_02_425506800_00019.jpg,train,tiny_bbox,class=damage area=0.000609
gc10_2_img_02_425507000_00018.jpg,train,tiny_bbox,class=damage area=0.000422
gc10_2_img_02_425613800_00786.jpg,train,tiny_bbox,class=damage area=0.000750
gc10_2_img_02_436153300_01008.jpg,train,tiny_bbox,class=damage area=0.000630
gc10_2_img_02_436185700_00002.jpg,train,tiny_bbox,class=damage area=0.000828
gc10_2_img_07_3403405400_00930.jpg,train,tiny_bbox,class=damage area=0.000376
gc10_3_img_01_425503100_00018.jpg,train,tiny_bbox,class=damage area=0.000516
gc10_5_img_02_425507200_01502.jpg,train,tiny_bbox,class=leak area=0.000820
gc10_5_img_02_425507200_01503.jpg,train,tiny_bbox,class=leak area=0.000725
gc10_5_img_02_425507200_01503.jpg,train,tiny_bbox,class=leak area=0.000831
gc10_5_img_02_425507200_01503.jpg,train,tiny_bbox,class=leak area=0.000742
gc10_5_img_02_425507200_01504.jpg,train,tiny_bbox,class=leak area=0.000981
gc10_5_img_02_425507200_01504.jpg,train,tiny_bbox,class=leak area=0.000838
gc10_5_img_02_425507200_01505.jpg,train,tiny_bbox,class=leak area=0.000693
gc10_5_img_02_425507200_01510.jpg,train,tiny_bbox,class=leak area=0.000820
gc10_5_img_02_425507200_01511.jpg,train,tiny_bbox,class=leak area=0.000830
gc10_5_img_02_425507200_01512.jpg,train,tiny_bbox,class=leak area=0.000769
gc10_5_img_02_425507200_01513.jpg,train,tiny_bbox,class=leak area=0.000951
gc10_5_img_02_425507200_01516.jpg,train,tiny_bbox,class=leak area=0.000813
gc10_5_img_02_425507200_01517.jpg,train,tiny_bbox,class=leak area=0.000759
gc10_5_img_03_3402617700_00886.jpg,train,tiny_bbox,class=leak area=0.000967
gc10_5_img_03_425501800_01178.jpg,train,tiny_bbox,class=damage area=0.000831
gc10_5_img_03_425501800_01178.jpg,train,tiny_bbox,class=damage area=0.000684
gc10_5_img_07_425390900_00065.jpg,train,tiny_bbox,class=leak area=0.000798
gc10_5_img_08_425506100_01049.jpg,train,tiny_bbox,class=leak area=0.000790
gc10_7_img_01_425391700_00025.jpg,train,tiny_bbox,class=damage area=0.000773
gc10_7_img_01_425392100_00886.jpg,train,tiny_bbox,class=damage area=0.000641
gc10_7_img_02_3436816100_00147.jpg,train,tiny_bbox,class=damage area=0.000854
gc10_7_img_02_3436816100_00148.jpg,train,tiny_bbox,class=damage area=0.000516
gc10_7_img_02_3436816100_00148.jpg,train,tiny_bbox,class=damage area=0.000410
gc10_7_img_02_3436816100_00150.jpg,train,tiny_bbox,class=damage area=0.000344
gc10_7_img_02_3436816100_00152.jpg,train,tiny_bbox,class=damage area=0.000867
gc10_7_img_02_3436816100_00153.jpg,train,tiny_bbox,class=damage area=0.000861
gc10_7_img_03_3402617100_00124.jpg,train,tiny_bbox,class=damage area=0.000966
gc10_7_img_03_3402617100_00124.jpg,train,tiny_bbox,class=damage area=0.000991
gc10_7_img_03_3402617100_00131.jpg,train,tiny_bbox,class=damage area=0.000524
gc10_7_img_03_3402617100_00131.jpg,train,tiny_bbox,class=damage area=0.000686
gc10_7_img_04_4402622500_00355.jpg,train,tiny_bbox,class=damage area=0.000876
gc10_7_img_04_4402622500_00357.jpg,train,tiny_bbox,class=damage area=0.000548
gc10_7_img_04_4402622500_00364.jpg,train,tiny_bbox,class=damage area=0.000909
gc10_7_img_05_425502300_00026.jpg,train,tiny_bbox,class=damage area=0.000854
gc10_7_img_06_425392500_00834.jpg,train,tiny_bbox,class=damage area=0.000878
gc10_7_img_06_425508300_00927.jpg,train,tiny_bbox,class=damage area=0.000896
gc10_7_img_06_425508300_00928.jpg,train,tiny_bbox,class=damage area=0.000621
gc10_7_img_06_425508300_00928.jpg,train,tiny_bbox,class=damage area=0.000419
gc10_7_img_06_425508300_00928.jpg,train,tiny_bbox,class=damage area=0.000666
gc10_7_img_06_425508300_00928.jpg,train,tiny_bbox,class=damage area=0.000549
gc10_7_img_06_425508300_00930.jpg,train,tiny_bbox,class=damage area=0.000741
gc10_7_img_06_425508300_00930.jpg,train,tiny_bbox,class=damage area=0.000756
gc10_7_img_06_425508300_00930.jpg,train,tiny_bbox,class=damage area=0.000500
gc10_7_img_06_425508700_00362.jpg,train,tiny_bbox,class=damage area=0.000645
gc10_7_img_06_4402625300_00104.jpg,train,tiny_bbox,class=damage area=0.000506
gc10_7_img_06_4402625300_00104.jpg,train,tiny_bbox,class=damage area=0.000822
gc10_7_img_06_4402625300_00104.jpg,train,tiny_bbox,class=damage area=0.000781
gc10_7_img_06_4402625300_00104.jpg,train,tiny_bbox,class=damage area=0.000422
gc10_7_img_07_425508400_00969.jpg,train,tiny_bbox,class=damage area=0.000439
gc10_7_img_08_425506100_00159.jpg,train,tiny_bbox,class=damage area=0.000984
gc10_7_img_08_425506100_00260.jpg,train,tiny_bbox,class=damage area=0.000632
gc10_7_img_08_425506100_00400.jpg,train,tiny_bbox,class=damage area=0.000615
gc10_7_img_08_425506100_00400.jpg,train,tiny_bbox,class=damage area=0.000649
gc10_7_img_08_425508100_00977.jpg,train,tiny_bbox,class=damage area=0.000527
gc10_7_img_08_425508200_00024.jpg,train,tiny_bbox,class=damage area=0.000714
gc10_7_img_08_425508200_00024.jpg,train,tiny_bbox,class=damage area=0.000764
gc10_7_img_08_425508200_00033.jpg,train,tiny_bbox,class=damage area=0.000918
gc10_7_img_08_425508200_00033.jpg,train,tiny_bbox,class=damage area=0.000967
gc10_7_img_08_425508200_00375.jpg,train,tiny_bbox,class=damage area=0.000879
gc10_7_img_08_425508300_00656.jpg,train,tiny_bbox,class=damage area=0.000801
gc10_7_img_08_425508600_00656.jpg,train,tiny_bbox,class=damage area=0.000786
gc10_7_img_08_425508700_00666.jpg,train,tiny_bbox,class=damage area=0.000801
gc10_7_img_08_425508700_00666.jpg,train,tiny_bbox,class=damage area=0.000738
gc10_7_img_08_425638500_00036.jpg,train,tiny_bbox,class=damage area=0.000738
rbfcorr_1-10-_jpeg.rf.0447c4dde95ae1f1cee70f54c566940d.jpg,train,huge_bbox,class=rust area=0.9975
rbfcorr_1-101-_jpeg.rf.cefd99da0c00ae080624c7a6ef57c18d.jpg,train,huge_bbox,class=rust area=0.9975
rbfcorr_1-117-_jpeg.rf.ad275b0592e2cb33a811564ab33d8f3e.jpg,train,huge_bbox,class=rust area=0.9263
rbfcorr_1-126-_jpeg.rf.34b7865cd6fbb888af1463f69a56cb01.jpg,train,huge_bbox,class=rust area=0.8231
rbfcorr_1-13-_jpg.rf.4e00762335eb193f9ee807f0fb1d3fe8.jpg,train,huge_bbox,class=rust area=0.9076
rbfcorr_1-143-_jpeg.rf.b50f287d52ff63c764683a8c9ae667a5.jpg,train,huge_bbox,class=rust area=0.9975
rbfcorr_1-152-_jpeg.rf.6c6100ead5fc4d950968829adc2d8a62.jpg,train,huge_bbox,class=rust area=0.9975
rbfcorr_1-166-_jpeg.rf.a665ace23d0d3a64f02466944f039456.jpg,train,huge_bbox,class=rust area=0.9975
rbfcorr_1-17-_jpeg.rf.4de3467f455135f77ffbb5a9085f1546.jpg,train,huge_bbox,class=rust area=0.9114
rbfcorr_1-201-_jpeg.rf.9e3361601770cfb4602d2932f96f9067.jpg,train,huge_bbox,class=rust area=0.9975
rbfcorr_1-215-_jpeg.rf.444a165636584dc02b24a7f3b6c48a47.jpg,train,huge_bbox,class=rust area=0.8951
rbfcorr_1-222-_jpeg.rf.ea0f0c9f6537aa32196f0ed6e827a6fc.jpg,train,huge_bbox,class=rust area=0.8764
rbfcorr_1-224-_jpeg.rf.70ab22ea32f3e3ef41305a318779420d.jpg,train,huge_bbox,class=rust area=0.9064
rbfcorr_1-23-_jpeg.rf.5d8c199163ac788af061ec0c57804c82.jpg,train,huge_bbox,class=rust area=0.8596
rbfcorr_1-232-_jpeg.rf.a90ab1fb2273e6978c2f675973ab8d4e.jpg,train,huge_bbox,class=rust area=0.9963
rbfcorr_1-24-_jpeg.rf.80925089eedc67a0831d0d124cc6a2a5.jpg,train,huge_bbox,class=rust area=0.8477
rbfcorr_1-275-_jpeg.rf.11dbd557fae9163aa02bf7885f6970bc.jpg,train,huge_bbox,class=rust area=0.9663
rbfcorr_1-28-_jpg.rf.3062a26b17bf65892c53eec9ca82b052.jpg,train,huge_bbox,class=rust area=0.9975
rbfcorr_1-287-_jpeg.rf.a7b6b73dae90a8f629863d90244469dc.jpg,train,huge_bbox,class=rust area=0.8706
rbfcorr_1-3-_png.rf.47b738ad9ee3d92305af6ccef07a8f10.jpg,train,tiny_bbox,class=rust area=0.000891
rbfcorr_1-30-_jpg.rf.3effbddfb98a4ca02f40ff1dc3adc9dd.jpg,train,huge_bbox,class=rust area=0.9975
rbfcorr_1-33-_jpg.rf.3ee13433336164fa4aaa394d2a48edae.jpg,train,huge_bbox,class=rust area=0.9975
rbfcorr_1-35-_jpg.rf.6e1e2add469fde4924d614eb6fe8858a.jpg,train,huge_bbox,class=rust area=0.9975
rbfcorr_1-38-_jpeg.rf.1b3aa5ff1821aca0fa3b40dbb9502a60.jpg,train,huge_bbox,class=rust area=0.8614
rbfcorr_1-52-_jpg.rf.fd8ef97f329e3a1c98dac0da2673bd2b.jpg,train,huge_bbox,class=rust area=0.8614
rbfcorr_1-63-_jpeg.rf.ea58cae928f1526cfd3d5eaf367e8b87.jpg,train,huge_bbox,class=rust area=0.8227
rbfcorr_1-65-_jpeg.rf.4ab0d14f29cc2cecc1728a3bb08eb84e.jpg,train,huge_bbox,class=rust area=0.9613
rbfcorr_1-7-_jpg.rf.0cb0ceb8ee88cf06025c420347c6d636.jpg,train,huge_bbox,class=rust area=0.8277
rbfcorr_1-8-_jpg.rf.7433d77c37ca339a76cb46ef1f58c701.jpg,train,huge_bbox,class=rust area=0.8439
rbfcorr_1-9-_jpeg.rf.81c54cacd722fd69dcf39cb05e0416e7.jpg,train,huge_bbox,class=rust area=0.9975
rbfcorr_1000_F_22203315_oDPg4J8gAh65aWG1BDndjAJlfbv7n9IR_jpg.rf.d98d01ffca35f8e1f5983ac0a8891b63.jpg,train,huge_bbox,class=rust area=0.9969
rbfcorr_1174-c-1000x550_jpg.rf.1017a923abef6e7f8fe45f20bced0972.jpg,train,huge_bbox,class=rust area=0.8673
rbfcorr_1b2b87752482f4c7b54a338e9be61a42_jpg.rf.0c08aa1b5c30e3a96dcb703ef53dac8f.jpg,train,huge_bbox,class=rust area=0.8367
rbfcorr_1b2b87752482f4c7b54a338e9be61a42_jpg.rf.3cdb73699ce8441f2ef019682ccc4d5b.jpg,train,huge_bbox,class=rust area=0.9048
rbfcorr_1ebd607e1c3c6993c28f4e4ce0ea6158_jpg.rf.6d8d7c7535a25b10708dee69248b1cda.jpg,train,huge_bbox,class=rust area=0.8034
rbfcorr_2-1-_jpg.rf.6e42c79fdfb428f36e5daa8eac4ef432.jpg,train,huge_bbox,class=rust area=0.9975
rbfcorr_2-11-_png.rf.475d6a77196b030f4a8181429d6f18f9.jpg,train,tiny_bbox,class=rust area=0.000481
rbfcorr_2-113-_jpeg.rf.643a0c32720d779045f3d7bc1236b118.jpg,train,huge_bbox,class=rust area=0.9476
rbfcorr_2-114-_jpeg.rf.328aca9455f2c5320d02e0cf0a3b4f1f.jpg,train,huge_bbox,class=rust area=0.9975
rbfcorr_2-15-_jpeg.rf.cc7165eb83fcda2b20fcf81643b0c826.jpg,train,huge_bbox,class=rust area=0.9739
rbfcorr_2-15-_jpg.rf.8e2cdb206aca08a7d150dc88c3acf44e.jpg,train,huge_bbox,class=rust area=0.9975
rbfcorr_2-18-_jpg.rf.044dc44587a6b29eac71b9fd56014c31.jpg,train,huge_bbox,class=rust area=0.8639
rbfcorr_2-19-_jpeg.rf.f2a9727fd524088a9fc0dbe3a531e3e4.jpg,train,huge_bbox,class=rust area=0.8826
rbfcorr_2-29-_jpg.rf.ccb449e534ef641efa93a3aedc04ce98.jpg,train,huge_bbox,class=rust area=0.8703
rbfcorr_2-30-_jpeg.rf.1b14a5d53b2ef9200e1a03c7c9bb7498.jpg,train,huge_bbox,class=rust area=0.9975
rbfcorr_2-34-_jpeg.rf.299b048ce3b706a20713b1dacb30000f.jpg,train,huge_bbox,class=rust area=0.8989
rbfcorr_2-37-_jpg.rf.75c4656bd4fc423183f9ae1427ce2b01.jpg,train,huge_bbox,class=rust area=0.9068
rbfcorr_2-44-_jpeg.rf.0664eda75dc37d01d2f53651ef656e3e.jpg,train,huge_bbox,class=rust area=0.9975
rbfcorr_2-51-_jpg.rf.20f60e3845b3b6442dbf8ec504b548cd.jpg,train,huge_bbox,class=rust area=0.9089
rbfcorr_2-52-_jpeg.rf.f3287c02ec53a10b08b95703d4be7b5e.jpg,train,huge_bbox,class=rust area=0.9975
rbfcorr_2-52-_jpg.rf.b87ca2d4874a173cbc0a0ecb09d4724c.jpg,train,huge_bbox,class=rust area=0.8995
rbfcorr_2-68-_jpeg.rf.39b5e5901bc66417549de2f0f0070a39.jpg,train,huge_bbox,class=rust area=0.9176
rbfcorr_2-76-_jpeg.rf.34588b60e9efc91279e9a277849bb833.jpg,train,huge_bbox,class=rust area=0.9975
rbfcorr_2-8-_jpg.rf.84a0c476e66bb41a51180be0a9557dfa.jpg,train,huge_bbox,class=rust area=0.8315
rbfcorr_3-117-_jpeg.rf.38eb60971f14ae552983177a95f77ba6.jpg,train,huge_bbox,class=rust area=0.8019
rbfcorr_3-121-_jpeg.rf.6b375468c3c091bf0f2377df152e4603.jpg,train,huge_bbox,class=rust area=0.8496
rbfcorr_3-148-_jpeg.rf.cd31059032ab4e07b17b18164913716f.jpg,train,huge_bbox,class=rust area=0.9213
rbfcorr_3-15-_jpg.rf.c1c722f2840430ad8c8c9d9a3e5ebfe6.jpg,train,huge_bbox,class=rust area=0.9975
rbfcorr_3-188-_jpeg.rf.65412e96474f4d4a03615125aa17b122.jpg,train,huge_bbox,class=rust area=0.9975
rbfcorr_3-20-_jpg.rf.8985b34c951e9ed93ab48a5263d61a98.jpg,train,huge_bbox,class=rust area=0.9975
rbfcorr_3-222-_jpeg.rf.2212098fffed564b2ee39f944b50bf47.jpg,train,huge_bbox,class=rust area=0.9975
rbfcorr_3-249-_jpeg.rf.886cc86354ceae95bd062f12e9efaf4c.jpg,train,huge_bbox,class=rust area=0.9975
rbfcorr_3-266-_jpeg.rf.7acddf5b3e088d848d6356eab42efb0c.jpg,train,huge_bbox,class=rust area=0.9975
rbfcorr_3-40-_jpeg.rf.1146e92a33aa14ac5dfde064995040a5.jpg,train,huge_bbox,class=rust area=0.9788
rbfcorr_3-76-_jpeg.rf.74b230868174c56d798ed872699776f0.jpg,train,huge_bbox,class=rust area=0.9975
rbfcorr_3-87-_jpeg.rf.a0b0a2c0d77f1382f3bad4815da95a1f.jpg,train,huge_bbox,class=rust area=0.9975
rbfcorr_3-88-_jpeg.rf.349b89db2cad670bfbf90377a6caaddb.jpg,train,huge_bbox,class=rust area=0.9975
rbfcorr_50606624101_4062b6dce4_o_jpg.rf.5a6c105e95e3a432b69a2a6c6da50a2f.jpg,train,huge_bbox,class=rust area=0.9969
rbfcorr_50606624101_4062b6dce4_o_jpg.rf.8d5dec2993b17ddcb4e2fc02159e2497.jpg,train,huge_bbox,class=rust area=0.9969
rbfcorr_51924379-oil-pipes_jpg.rf.e3b7e77aa4ee78c102d1706ae66f4ab7.jpg,train,huge_bbox,class=rust area=0.9945
rbfcorr_5a4d90eb2999e66dee48145992ec10b1_jpg.rf.07ebf7faa15a1d9bc7e044e0459958e4.jpg,train,huge_bbox,class=rust area=0.9969
rbfcorr_7777ae23af428239b0f85c612d358fce_jpg.rf.b28048dc08a276c9e35053a5d9795d01.jpg,train,huge_bbox,class=rust area=0.8846
rbfcorr_8cdd1c91f96e1d993ab6098ff05093a1_jpg.rf.e11bfb3509e2d16e6cbe34b03ab386b1.jpg,train,huge_bbox,class=rust area=0.9969
rbfcorr_c5b9edf2de8c9cff83e1f36813b9faf9_jpg.rf.7ec8910f3ce5f419d2cf7b7b4e83e6a1.jpg,train,huge_bbox,class=rust area=0.9969
rbfcorr_c786872db6e4df32ad5273f353dcaba8_jpg.rf.33fa5504f7e80a5b779fa67ef4a531ec.jpg,train,huge_bbox,class=rust area=0.9969
rbfcorr_c786872db6e4df32ad5273f353dcaba8_jpg.rf.c33ea8825eec7b0aa70a2c44dd96463f.jpg,train,huge_bbox,class=rust area=0.9969
rbfcorr_Cumuliform-Corrosion_jpg.rf.255f979417235411c97222b81624f513.jpg,train,huge_bbox,class=rust area=0.9969
rbfcorr_d3d042153c310e769cf22fd295a755af_jpg.rf.52b082f3b7d18cd97818b3a97b925d76.jpg,train,huge_bbox,class=rust area=0.9969
rbfcorr_e7cd1607b52be9cb1b3b7d1e823996f6_jpg.rf.08a0b21cf378014b09abec9d3806710f.jpg,train,huge_bbox,class=rust area=0.9969
rbfcorr_e7cd1607b52be9cb1b3b7d1e823996f6_jpg.rf.ac6e76643c21e2ea50a3cff59645bb63.jpg,train,huge_bbox,class=rust area=0.9969
rbfcorr_foto_-Eduardo-seco_jpg.rf.ec059954a9ef5e0eaf2d125e5e30406d.jpg,train,huge_bbox,class=rust area=0.9969
rbfcorr_GEN_104_jpg.rf.06cc3c03abce6200b5a778085830c355.jpg,train,huge_bbox,class=rust area=0.8832
rbfcorr_GEN_111_jpg.rf.21e71560506ee56c01560cbcef6d1df3.jpg,train,huge_bbox,class=rust area=0.9934
rbfcorr_GEN_114_jpg.rf.94a8ca7d60b0406dc1e448d5804f9842.jpg,train,huge_bbox,class=rust area=0.9910
rbfcorr_GEN_116_jpg.rf.48c938604321cedc0162ce4a80606723.jpg,train,huge_bbox,class=rust area=0.9474
rbfcorr_GEN_118_jpg.rf.f6f838cb2aed77e5e13901846370ff71.jpg,train,huge_bbox,class=rust area=0.9909
rbfcorr_GEN_119_jpg.rf.f50c9cd4a104a679892d7517c8104435.jpg,train,huge_bbox,class=rust area=0.9909
rbfcorr_GEN_121_jpg.rf.e872d583da859647ece78c0b35570b68.jpg,train,huge_bbox,class=rust area=0.9906
rbfcorr_GEN_125_jpg.rf.dd338bdd87e702af333aef5af95cf636.jpg,train,huge_bbox,class=rust area=0.9909
rbfcorr_GEN_126_jpg.rf.08d9eb975cef793fb114fa6d6ce72b75.jpg,train,huge_bbox,class=rust area=0.9909
rbfcorr_GEN_132_jpg.rf.d59a24959a850b3f2bbbcc0310b423e3.jpg,train,huge_bbox,class=rust area=0.9910
rbfcorr_GEN_133_jpg.rf.8ec3d001a25ead5718cd32c24ca49eb3.jpg,train,huge_bbox,class=rust area=0.9909
rbfcorr_GEN_134_jpg.rf.708cf931c5c5d3331614fced936a7e16.jpg,train,huge_bbox,class=rust area=0.9911
rbfcorr_GEN_138_jpg.rf.4aa3a09390b06e969005402d62b77765.jpg,train,huge_bbox,class=rust area=0.8791
rbfcorr_GEN_141_jpg.rf.f71bde388f0a1c80676f09b63fb8a606.jpg,train,huge_bbox,class=rust area=0.9910
rbfcorr_GEN_142_jpg.rf.7952511267a1a42a33999bbd939b58e4.jpg,train,huge_bbox,class=rust area=0.9910
rbfcorr_GEN_145_jpg.rf.b2fd78026a125ab9ee534305d4a44345.jpg,train,huge_bbox,class=rust area=0.9909
rbfcorr_GEN_148_jpg.rf.958cfba8f91a1de7f24a5930f1c539e6.jpg,train,huge_bbox,class=rust area=0.9911
rbfcorr_GEN_152_jpg.rf.0e6de2477c5dea995c5c5d4b094e1f91.jpg,train,huge_bbox,class=rust area=0.9724
rbfcorr_GEN_154_jpg.rf.880d1075504e72e0e0f0fbbfcb74d3aa.jpg,train,huge_bbox,class=rust area=0.9909
rbfcorr_GEN_155_jpg.rf.b64d35c2cc7254e127a7641e8f9dca84.jpg,train,huge_bbox,class=rust area=0.8410
rbfcorr_GEN_168_jpg.rf.aecebf1b9d6e90ab6cdb8c257ee4d568.jpg,train,huge_bbox,class=rust area=0.9901
rbfcorr_GEN_179_jpg.rf.0c6fc7391632fb5e165862b5e4640edd.jpg,train,huge_bbox,class=rust area=0.9632
rbfcorr_GEN_187_jpg.rf.9f3e0cbcb18f2eb6906e14d8f6104637.jpg,train,huge_bbox,class=rust area=0.9929
rbfcorr_GEN_189_jpg.rf.2ece5e72c270c0f5895d6902249e07b6.jpg,train,huge_bbox,class=rust area=0.9940
rbfcorr_GEN_198_jpg.rf.b22723c5ac2aa3377507d00499b08a2e.jpg,train,huge_bbox,class=rust area=0.9950
rbfcorr_GEN_206_jpg.rf.0d0021b6aaf28163b04220d45873b37d.jpg,train,huge_bbox,class=rust area=0.9749
rbfcorr_GEN_207_jpg.rf.8e9b23a03fbfdd8f26675c4dad54254e.jpg,train,huge_bbox,class=rust area=0.9941
rbfcorr_GEN_210_jpg.rf.0dc3d4c6e79405c1664cb76f0ba6c1fc.jpg,train,huge_bbox,class=rust area=0.9829
rbfcorr_GEN_211_jpg.rf.961d8dc2cc1f1e7b4ff2fd3adac3fa0c.jpg,train,huge_bbox,class=rust area=0.9315
rbfcorr_GEN_212_jpg.rf.2d45beb6a4913dc9a05358fd66e3bcf6.jpg,train,huge_bbox,class=rust area=0.9953
rbfcorr_GEN_215_jpg.rf.7f1ce3456ef407570c68ca20beda54f5.jpg,train,huge_bbox,class=rust area=0.9936
rbfcorr_GEN_216_jpg.rf.690650d42d9a44b95b23550916088802.jpg,train,huge_bbox,class=rust area=0.9298
rbfcorr_GEN_218_jpg.rf.e2b804394ac66fa8bef1945a07f9f2e4.jpg,train,huge_bbox,class=rust area=0.9950
rbfcorr_GEN_21_jpg.rf.189eb69ac2546dd8828e683340bb6d67.jpg,train,huge_bbox,class=rust area=0.9910
rbfcorr_GEN_221_jpg.rf.2e876affadd660edf7021891daf501eb.jpg,train,huge_bbox,class=rust area=0.9949
rbfcorr_GEN_223_jpg.rf.d22a0d98ec820fbf1d59f435ce4b4a59.jpg,train,huge_bbox,class=rust area=0.9950
rbfcorr_GEN_225_jpg.rf.6e58fa0468050c417ee668e28364af91.jpg,train,huge_bbox,class=rust area=0.9950
rbfcorr_GEN_227_jpg.rf.a0f13932cc559a86f1e3a696e0b4e71a.jpg,train,huge_bbox,class=rust area=0.9579
rbfcorr_GEN_233_jpg.rf.9ac063da5e72e0b0a4b1b901122f2ffc.jpg,train,huge_bbox,class=rust area=0.9950
rbfcorr_GEN_236_jpg.rf.a1471670aeb22d0ca1bdb05acf243436.jpg,train,huge_bbox,class=rust area=0.8224
rbfcorr_GEN_237_jpg.rf.910820b8b1f929884b05298a06bbb290.jpg,train,huge_bbox,class=rust area=0.9972
rbfcorr_GEN_239_jpg.rf.6b05223293c51d2f610c58f06ef54961.jpg,train,huge_bbox,class=rust area=0.8181
rbfcorr_GEN_244_jpg.rf.bb687a75346c01687a66195908a9a03f.jpg,train,huge_bbox,class=rust area=0.9965
rbfcorr_GEN_251_jpg.rf.757fb4f4aac121b7ba8d03d415c0bdd7.jpg,train,huge_bbox,class=rust area=0.9951
rbfcorr_GEN_255_jpg.rf.ae12de11b993d088658b4013605a1ba5.jpg,train,huge_bbox,class=rust area=0.9953
rbfcorr_GEN_258_jpg.rf.a2b8bb6a648792b1fcade8e34655b52b.jpg,train,huge_bbox,class=rust area=0.9961
rbfcorr_GEN_260_jpg.rf.8fdfe7935cde9424d1cd9a634a1283d7.jpg,train,huge_bbox,class=rust area=0.9942
rbfcorr_GEN_262_jpg.rf.81051de7f03f49b1fdf3e1cacedf7aa2.jpg,train,huge_bbox,class=rust area=0.9954
rbfcorr_GEN_277_jpg.rf.64b8d9a1b4f1cae6f8d1997fbbb61bf2.jpg,train,huge_bbox,class=rust area=0.9964
rbfcorr_GEN_278_jpg.rf.6f7673e6359b3af5b94ecb7aba011c71.jpg,train,huge_bbox,class=rust area=0.9965
rbfcorr_GEN_282_jpg.rf.40e7f0e6c6c5bc480c4e8635ea527efa.jpg,train,huge_bbox,class=rust area=0.9869
rbfcorr_GEN_283_jpg.rf.27e9544429f84747089f6425502a47f9.jpg,train,huge_bbox,class=rust area=0.9482
rbfcorr_GEN_290_jpg.rf.894e214df43a991fa26c850907e977c1.jpg,train,huge_bbox,class=rust area=0.9983
rbfcorr_GEN_297_jpg.rf.8b9d8bf603032a4677b62ab2bbe64188.jpg,train,huge_bbox,class=rust area=0.9967
rbfcorr_GEN_299_jpg.rf.57f457b38cf9cd0cde5931c74c5a6545.jpg,train,huge_bbox,class=rust area=0.9969
rbfcorr_GEN_300_jpg.rf.d0b8fa9fdce090ae77aa506f31224b1d.jpg,train,huge_bbox,class=rust area=0.9969
rbfcorr_GEN_302_jpg.rf.903e0cd3ce59640fe57b3f938eef6349.jpg,train,huge_bbox,class=rust area=0.9976
rbfcorr_GEN_305_jpg.rf.f77f88d6429c4ee3027e51323e0bb716.jpg,train,huge_bbox,class=rust area=0.9976
rbfcorr_GEN_308_jpg.rf.54276cdae435ccde62d26af24967a997.jpg,train,huge_bbox,class=rust area=0.9981
rbfcorr_GEN_323_jpg.rf.62694f2edaac6ac1b9430f37b80e629a.jpg,train,huge_bbox,class=rust area=0.9972
rbfcorr_GEN_325_jpg.rf.cdf56c07b02d5cb5c9297a8245f7a37c.jpg,train,huge_bbox,class=rust area=0.9982
rbfcorr_GEN_332_jpg.rf.586453dccedbb3f54e9797b5207d5b45.jpg,train,huge_bbox,class=rust area=0.8570
rbfcorr_GEN_336_jpg.rf.0503c96161cb2e588c5cd88d54c41f4e.jpg,train,huge_bbox,class=rust area=0.9981
rbfcorr_GEN_342_jpg.rf.cc7b22724a8bf8660e0a79ac797eb69f.jpg,train,huge_bbox,class=rust area=0.9983
rbfcorr_GEN_344_jpg.rf.430f321b86c88a3044fdacae1ddcf483.jpg,train,huge_bbox,class=rust area=0.9985
rbfcorr_GEN_345_jpg.rf.8d3d3af758c45227bfc794321e4c5aaa.jpg,train,huge_bbox,class=rust area=0.9980
rbfcorr_GEN_34_jpg.rf.ca8cb399a3db5d1c415b87987c993ffb.jpg,train,huge_bbox,class=rust area=0.8131
rbfcorr_GEN_350_jpg.rf.d9c6127c33e66adfad698af84f43f9cb.jpg,train,huge_bbox,class=rust area=0.9981
rbfcorr_GEN_352_jpg.rf.4e4166c5cd5dadb66695ca048ff659cd.jpg,train,tiny_bbox,class=rust area=0.000238
rbfcorr_GEN_356_jpg.rf.4c4d85430efd390970d8bdb88d474d30.jpg,train,huge_bbox,class=rust area=0.9987
rbfcorr_GEN_357_jpg.rf.1ea15bd4cdd2a5732c6bbca02bc20f55.jpg,train,huge_bbox,class=rust area=0.8662
rbfcorr_GEN_358_jpg.rf.0d3ba85ad6f6e672ee91c94bb2459dc7.jpg,train,huge_bbox,class=rust area=0.9989
rbfcorr_GEN_364_jpg.rf.81ad856f020a6dab8e38722997dbece6.jpg,train,huge_bbox,class=rust area=0.9988
rbfcorr_GEN_365_jpg.rf.ee207f869226b9ac82315f223c82c766.jpg,train,huge_bbox,class=rust area=0.9992
rbfcorr_GEN_368_jpg.rf.12ed1ae867f81bb91ae5ec97d1908c99.jpg,train,huge_bbox,class=rust area=0.9992
rbfcorr_GEN_372_jpg.rf.46b6bf5f22624318427b390c977ff01b.jpg,train,huge_bbox,class=rust area=0.8439
rbfcorr_GEN_385_jpg.rf.c116deb8be80f0f94955b91dfb79696a.jpg,train,huge_bbox,class=rust area=0.9995
rbfcorr_GEN_65_jpg.rf.54545748b86dd0dd8cc804f48e4ab56a.jpg,train,huge_bbox,class=rust area=0.9909
rbfcorr_GEN_75_jpg.rf.e8a6287f66d8b6a7dc3859ed6424d77e.jpg,train,huge_bbox,class=rust area=0.9909
rbfcorr_GEN_79_jpg.rf.85c8a9b100c3345b8376dd2a55d85645.jpg,train,huge_bbox,class=rust area=0.9911
rbfcorr_GEN_82_jpg.rf.8a5a1b7d5805c0f0a4aafc9a00d8d1ad.jpg,train,huge_bbox,class=rust area=0.9909
rbfcorr_GEN_85_jpg.rf.a2e82e0796ad0980c61fd1e652e78c81.jpg,train,huge_bbox,class=rust area=0.9909
rbfcorr_GEN_86_jpg.rf.0e03ccf60b4cd369a2b9994f0d74d502.jpg,train,huge_bbox,class=rust area=0.9910
rbfcorr_GEN_88_jpg.rf.da65416ec733430891a129bf7122486f.jpg,train,huge_bbox,class=rust area=0.9908
rbfcorr_GEN_89_jpg.rf.b5e9cb36f9bec30085359111db554c28.jpg,train,huge_bbox,class=rust area=0.9417
rbfcorr_GEN_97_jpg.rf.774abad441aaca3e8f5406c80b9301ee.jpg,train,huge_bbox,class=rust area=0.9909
rbfcorr_Harsha-105-_jpg.rf.8591e712ba125160078b9a8a4dcfb329.jpg,train,tiny_bbox,class=rust area=0.000635
rbfcorr_Harsha-106-_jpg.rf.e7f7db4a65e4d96dc5028c08d4ad6f3f.jpg,train,tiny_bbox,class=rust area=0.000635
rbfcorr_Harsha-108-_jpg.rf.429dd4213979fb96a7deb3410974b932.jpg,train,tiny_bbox,class=rust area=0.000898
rbfcorr_Harsha-136-_jpg.rf.ab546bd17fd68be89bb0f8f0895bbf1d.jpg,train,tiny_bbox,class=rust area=0.000974
rbfcorr_Harsha-136-_jpg.rf.ab546bd17fd68be89bb0f8f0895bbf1d.jpg,train,tiny_bbox,class=rust area=0.000698
rbfcorr_Harsha-163-_jpg.rf.206ef298ab0d8e69860eb1140e05ca48.jpg,train,tiny_bbox,class=rust area=0.000513
rbfcorr_Harsha-164-_jpg.rf.296198ed530566d63f1feaddc440f325.jpg,train,tiny_bbox,class=rust area=0.000513
rbfcorr_Harsha-170-_jpg.rf.a13f835f52a01cb482dc7431ca843306.jpg,train,tiny_bbox,class=rust area=0.000498
rbfcorr_Harsha-170-_jpg.rf.a13f835f52a01cb482dc7431ca843306.jpg,train,tiny_bbox,class=rust area=0.000352
rbfcorr_Harsha-171-_jpg.rf.8ac2da76db7cc6f804d1bd862c67893e.jpg,train,tiny_bbox,class=rust area=0.000498
rbfcorr_Harsha-171-_jpg.rf.8ac2da76db7cc6f804d1bd862c67893e.jpg,train,tiny_bbox,class=rust area=0.000352
rbfcorr_Harsha-187-_jpg.rf.861d25830dc5e940701cc54155bab670.jpg,train,tiny_bbox,class=rust area=0.000547
rbfcorr_Harsha-187-_jpg.rf.861d25830dc5e940701cc54155bab670.jpg,train,tiny_bbox,class=rust area=0.000381
rbfcorr_Harsha-187-_jpg.rf.861d25830dc5e940701cc54155bab670.jpg,train,tiny_bbox,class=rust area=0.000381
rbfcorr_Harsha-188-_jpg.rf.e6639c127b701dd79b737e0a0b0a9f37.jpg,train,tiny_bbox,class=rust area=0.000547
rbfcorr_Harsha-188-_jpg.rf.e6639c127b701dd79b737e0a0b0a9f37.jpg,train,tiny_bbox,class=rust area=0.000381
rbfcorr_Harsha-188-_jpg.rf.e6639c127b701dd79b737e0a0b0a9f37.jpg,train,tiny_bbox,class=rust area=0.000381
rbfcorr_Harsha-189-_jpg.rf.14033d25982b2260d102886ced5a312e.jpg,train,tiny_bbox,class=rust area=0.000547
rbfcorr_Harsha-189-_jpg.rf.14033d25982b2260d102886ced5a312e.jpg,train,tiny_bbox,class=rust area=0.000381
rbfcorr_Harsha-189-_jpg.rf.14033d25982b2260d102886ced5a312e.jpg,train,tiny_bbox,class=rust area=0.000381
rbfcorr_Harsha-228-_jpg.rf.b479f4d558210d08ad4b62450adf4bbd.jpg,train,tiny_bbox,class=rust area=0.000920
rbfcorr_Harsha-228-_jpg.rf.b479f4d558210d08ad4b62450adf4bbd.jpg,train,tiny_bbox,class=rust area=0.000396
rbfcorr_Harsha-228-_jpg.rf.b479f4d558210d08ad4b62450adf4bbd.jpg,train,tiny_bbox,class=rust area=0.000635
rbfcorr_Harsha-229-_jpg.rf.099f33204d98542fe3014e47902f0787.jpg,train,tiny_bbox,class=rust area=0.000696
rbfcorr_Harsha-230-_jpg.rf.714be890987434b7a42bf5012742df3b.jpg,train,tiny_bbox,class=rust area=0.000696
rbfcorr_Harsha-231-_jpg.rf.478ab34cfb256a4e4a1a4091464a42b5.jpg,train,tiny_bbox,class=rust area=0.000696
rbfcorr_Harsha-245-_jpg.rf.4b769abb0b76f27d9e5da3de30ce8c4b.jpg,train,tiny_bbox,class=rust area=0.000269
rbfcorr_Harsha-246-_jpg.rf.c29d9bae5ed4b732dc42f08f963422f3.jpg,train,tiny_bbox,class=rust area=0.000269
rbfcorr_Harsha-249-_jpg.rf.b56f600b83fec9b6f6c8bb65c6e44f0a.jpg,train,tiny_bbox,class=rust area=0.000439
rbfcorr_Harsha-260-_jpg.rf.aa78284089e4e552ec045f7f6fe9a117.jpg,train,tiny_bbox,class=rust area=0.000889
rbfcorr_Harsha-261-_jpg.rf.66b1e54f4a3b1465fa3a0cc0e5202123.jpg,train,tiny_bbox,class=rust area=0.000889
rbfcorr_Harsha-279-_jpg.rf.20a706a77a0d324d81f2a7f0a869f73c.jpg,train,tiny_bbox,class=rust area=0.000476
rbfcorr_Harsha-280-_jpg.rf.019bfe029e44d98b95d38d36418898a9.jpg,train,tiny_bbox,class=rust area=0.000476
rbfcorr_Harsha-293-_jpg.rf.8c28cd3dc453219d0ab7802ba1c5780c.jpg,train,tiny_bbox,class=rust area=0.000176
rbfcorr_Harsha-294-_jpg.rf.dc8c15c48e0a6c8bb1af31c57956ef49.jpg,train,tiny_bbox,class=rust area=0.000176
rbfcorr_Harsha-304-_jpg.rf.30b4fd3b8a83816e0dc4444bd175380c.jpg,train,tiny_bbox,class=rust area=0.000664
rbfcorr_Harsha-304-_jpg.rf.30b4fd3b8a83816e0dc4444bd175380c.jpg,train,tiny_bbox,class=rust area=0.000430
rbfcorr_Harsha-305-_jpg.rf.e9656bf8e439f30129dfd3f7c70cc8d2.jpg,train,tiny_bbox,class=rust area=0.000664
rbfcorr_Harsha-305-_jpg.rf.e9656bf8e439f30129dfd3f7c70cc8d2.jpg,train,tiny_bbox,class=rust area=0.000430
rbfcorr_Harsha-312-_jpg.rf.cfd5e0487dc4a870e9f8f42c58c75d88.jpg,train,tiny_bbox,class=rust area=0.000703
rbfcorr_Harsha-313-_jpg.rf.74d387dffcc74f45ab00aa484e857ece.jpg,train,tiny_bbox,class=rust area=0.000703
rbfcorr_Harsha-346-_jpg.rf.e3aa1fdcf5b65ede60312abccdcf883e.jpg,train,tiny_bbox,class=rust area=0.000967
rbfcorr_Harsha-346-_jpg.rf.e3aa1fdcf5b65ede60312abccdcf883e.jpg,train,tiny_bbox,class=rust area=0.000974
rbfcorr_Harsha-346-_jpg.rf.e3aa1fdcf5b65ede60312abccdcf883e.jpg,train,tiny_bbox,class=rust area=0.000769
rbfcorr_Harsha-347-_jpg.rf.31ee341441d683a3062a3ed469931ace.jpg,train,tiny_bbox,class=rust area=0.000967
rbfcorr_Harsha-347-_jpg.rf.31ee341441d683a3062a3ed469931ace.jpg,train,tiny_bbox,class=rust area=0.000974
rbfcorr_Harsha-347-_jpg.rf.31ee341441d683a3062a3ed469931ace.jpg,train,tiny_bbox,class=rust area=0.000769
rbfcorr_Harsha-351-_jpg.rf.cd5c00f7d352ce82487521641f607651.jpg,train,tiny_bbox,class=rust area=0.000413
rbfcorr_Harsha-351-_jpg.rf.cd5c00f7d352ce82487521641f607651.jpg,train,tiny_bbox,class=rust area=0.000684
rbfcorr_Harsha-351-_jpg.rf.cd5c00f7d352ce82487521641f607651.jpg,train,tiny_bbox,class=rust area=0.000547
rbfcorr_Harsha-351-_jpg.rf.cd5c00f7d352ce82487521641f607651.jpg,train,tiny_bbox,class=rust area=0.000349
rbfcorr_Harsha-357-_jpg.rf.689705e3a926bbb2d6473385bf457861.jpg,train,tiny_bbox,class=rust area=0.000615
rbfcorr_Harsha-359-_jpg.rf.b899fbf509bfcd9a15dbb32816157e16.jpg,train,tiny_bbox,class=rust area=0.000615
rbfcorr_Harsha-360-_jpg.rf.c35bc56a8d2aa667466f8a249e000f7f.jpg,train,tiny_bbox,class=rust area=0.000769
rbfcorr_Harsha-451-_jpg.rf.1c4b0863ba4155f8bbde3ca25f1d9844.jpg,train,tiny_bbox,class=rust area=0.000752
rbfcorr_Harsha-452-_jpg.rf.9d2470d1ff400fa4c8b744cbf5e47840.jpg,train,tiny_bbox,class=rust area=0.000752
rbfcorr_Harsha-463-_jpg.rf.1544985fcd499ad8f07db196acbfd8fd.jpg,train,tiny_bbox,class=rust area=0.000623
rbfcorr_Harsha-466-_jpg.rf.534c046adf57713470f2330b539edfce.jpg,train,tiny_bbox,class=rust area=0.000974
rbfcorr_Harsha-466-_jpg.rf.534c046adf57713470f2330b539edfce.jpg,train,tiny_bbox,class=rust area=0.000889
rbfcorr_Harsha-470-_jpg.rf.6df10e30507293e8f4fbde43228dcf6f.jpg,train,tiny_bbox,class=rust area=0.000293
rbfcorr_Harsha-470-_jpg.rf.6df10e30507293e8f4fbde43228dcf6f.jpg,train,tiny_bbox,class=rust area=0.000439
rbfcorr_Harsha-584-_jpg.rf.89bd9be4c81a21d4cf7bd0a8a7d4911b.jpg,train,tiny_bbox,class=rust area=0.000476
rbfcorr_Harsha-585-_jpg.rf.9b1b7fe7ca4f7001b09993a94dc97109.jpg,train,tiny_bbox,class=rust area=0.000476
rbfcorr_Harsha-67-_jpg.rf.94eb687e9a3562ac369a522697c65fc0.jpg,train,tiny_bbox,class=rust area=0.000410
rbfcorr_Harsha-683-_jpg.rf.a9804032ac15100cb9d602c97f717099.jpg,train,tiny_bbox,class=rust area=0.000923
rbfcorr_Harsha-684-_jpg.rf.ffde312056c5b6149dcd8708adf7b9db.jpg,train,tiny_bbox,class=rust area=0.000923
rbfcorr_Harsha-714-_jpg.rf.e7ea348e777c14d2b377d176e96a1cd7.jpg,train,tiny_bbox,class=rust area=0.000742
rbfcorr_Harsha-714-_jpg.rf.e7ea348e777c14d2b377d176e96a1cd7.jpg,train,tiny_bbox,class=rust area=0.000732
rbfcorr_Harsha-716-_jpg.rf.388511ff2eadb26035faefb3d2990012.jpg,train,tiny_bbox,class=rust area=0.000789
rbfcorr_Harsha-718-_jpg.rf.608db42b1c4011ed5f738b15a7416898.jpg,train,tiny_bbox,class=rust area=0.000789
rbfcorr_Harsha-724-_jpg.rf.a5e55c0578375b9e029e2d9cab89877a.jpg,train,tiny_bbox,class=rust area=0.000547
rbfcorr_Harsha-725-_jpg.rf.6a63e5aaea362bd25626aa810d6dc7bf.jpg,train,tiny_bbox,class=rust area=0.000547
rbfcorr_Harsha-73-_jpg.rf.29e7d93aef33dc8f1764f8077eb8816a.jpg,train,tiny_bbox,class=rust area=0.000974
rbfcorr_Harsha-73-_jpg.rf.29e7d93aef33dc8f1764f8077eb8816a.jpg,train,tiny_bbox,class=rust area=0.000510
rbfcorr_Harsha-73-_jpg.rf.29e7d93aef33dc8f1764f8077eb8816a.jpg,train,tiny_bbox,class=rust area=0.000430
rbfcorr_Harsha-731-_jpg.rf.8202b7c2660ef2cb97489829c626b099.jpg,train,tiny_bbox,class=rust area=0.000830
rbfcorr_Harsha-732-_jpg.rf.944f49972c0397d432e555b35f5d6d29.jpg,train,tiny_bbox,class=rust area=0.000830
rbfcorr_Harsha-739-_jpg.rf.d4876985a33f417573fcf09594db6aba.jpg,train,tiny_bbox,class=rust area=0.000264
rbfcorr_Harsha-740-_jpg.rf.14e97b654e36cf117e83c2476132f94b.jpg,train,tiny_bbox,class=rust area=0.000264
rbfcorr_Harsha-75-_jpg.rf.90cc0b54ccc7b1dc6ce697fc40f79d74.jpg,train,tiny_bbox,class=rust area=0.000974
rbfcorr_Harsha-75-_jpg.rf.90cc0b54ccc7b1dc6ce697fc40f79d74.jpg,train,tiny_bbox,class=rust area=0.000510
rbfcorr_Harsha-75-_jpg.rf.90cc0b54ccc7b1dc6ce697fc40f79d74.jpg,train,tiny_bbox,class=rust area=0.000430
rbfcorr_Harsha-78-_jpg.rf.bda03080978f5aabe4da9ea507f3e5bc.jpg,train,tiny_bbox,class=rust area=0.000215
rbfcorr_Harsha-78-_jpg.rf.bda03080978f5aabe4da9ea507f3e5bc.jpg,train,tiny_bbox,class=rust area=0.000444
rbfcorr_Harsha-78-_jpg.rf.bda03080978f5aabe4da9ea507f3e5bc.jpg,train,tiny_bbox,class=rust area=0.000449
rbfcorr_Harsha-78-_jpg.rf.bda03080978f5aabe4da9ea507f3e5bc.jpg,train,tiny_bbox,class=rust area=0.000154
rbfcorr_Harsha-78-_jpg.rf.bda03080978f5aabe4da9ea507f3e5bc.jpg,train,tiny_bbox,class=rust area=0.000349
rbfcorr_Harsha-79-_jpg.rf.6f54a071fe07c955feddea9f0c5f698c.jpg,train,tiny_bbox,class=rust area=0.000215
rbfcorr_Harsha-79-_jpg.rf.6f54a071fe07c955feddea9f0c5f698c.jpg,train,tiny_bbox,class=rust area=0.000444
rbfcorr_Harsha-79-_jpg.rf.6f54a071fe07c955feddea9f0c5f698c.jpg,train,tiny_bbox,class=rust area=0.000449
rbfcorr_Harsha-79-_jpg.rf.6f54a071fe07c955feddea9f0c5f698c.jpg,train,tiny_bbox,class=rust area=0.000154
rbfcorr_Harsha-79-_jpg.rf.6f54a071fe07c955feddea9f0c5f698c.jpg,train,tiny_bbox,class=rust area=0.000349
rbfcorr_Harsha-93-_jpg.rf.3b0766f1ff2e11a7b5db0d215ba19f9a.jpg,train,tiny_bbox,class=rust area=0.000718
rbfcorr_I203_steel_mill-finish_flash-rust-inhibitor_MIL-DTL-53022_MIL-DTL-53039_jpg.rf.a5a5330c7460acf6c5a22b6bc195a033.jpg,train,huge_bbox,class=rust area=0.8019
rbfcorr_I329_Steel-HHA_abrasive-blasted_none_MIL-DTL-53022_MIL-DTL-53039_jpg.rf.13cf7b34123da556bab4d0712f835e17.jpg,train,huge_bbox,class=rust area=0.9961
rbfcorr_I483_Steel-LCS_mill-finish_trivalent-chromium-pretreatment_MIL-DTL-53022_MIL-DTL-53039_jpg.rf.430a80381c527835e21340ef376b739d.jpg,train,huge_bbox,class=rust area=0.9844
rbfcorr_I537_Steel-LCS_mill-finish_zirconium-pretreatment_MIL-DTL-53022_MIL-DTL-64159_jpg.rf.c4fd8f5ba102e9b1341bb8072b317721.jpg,train,huge_bbox,class=rust area=0.9961
rbfcorr_image101_jpeg.rf.338409473f2b9bc96e3dce0a09b5d5ef.jpg,train,tiny_bbox,class=rust area=0.000438
rbfcorr_image101_jpeg.rf.338409473f2b9bc96e3dce0a09b5d5ef.jpg,train,tiny_bbox,class=rust area=0.000469
rbfcorr_image107_1_jpeg.rf.52f557ceeedb5f92055b61816bfb15b5.jpg,train,huge_bbox,class=rust area=0.8130
rbfcorr_image114_1_jpeg.rf.e7edd315661202f135b3413dc5c7b4c3.jpg,train,tiny_bbox,class=rust area=0.000000
rbfcorr_image114_1_jpeg.rf.e7edd315661202f135b3413dc5c7b4c3.jpg,train,invalid_coords,cx=0.00189 cy=0.0 w=0.0 h=0.0
rbfcorr_image116_1_jpeg.rf.1f4bca6ba22471f067ba69887847c79f.jpg,train,tiny_bbox,class=rust area=0.000263
rbfcorr_image118_jpeg.rf.399e8067942dbf2b86689d45fe5a7d5d.jpg,train,tiny_bbox,class=rust area=0.000813
rbfcorr_image121_1_jpeg.rf.6cb04c0c0b2fab4c82f6da372fb63d32.jpg,train,tiny_bbox,class=rust area=0.000000
rbfcorr_image128_jpeg.rf.8b4a9def3f281f0c15384c0fbcddf291.jpg,train,tiny_bbox,class=rust area=0.000000
rbfcorr_image136-1-_jpeg.rf.3619e09c0bfa83e715c7623b225ede68.jpg,train,tiny_bbox,class=rust area=0.000000
rbfcorr_image136-1-_jpeg.rf.3619e09c0bfa83e715c7623b225ede68.jpg,train,tiny_bbox,class=rust area=0.000000
rbfcorr_image14_1_jpeg.rf.93ba14bc3a5ca8ade467fdb976a4cc38.jpg,train,tiny_bbox,class=rust area=0.000000
rbfcorr_image1_1_jpeg.rf.1930ed3bd64ab165d1f8d95f76e0b0e7.jpg,train,tiny_bbox,class=rust area=0.000000
rbfcorr_image1_1_jpeg.rf.1930ed3bd64ab165d1f8d95f76e0b0e7.jpg,train,invalid_coords,cx=0.0 cy=0.001605 w=0.0 h=0.0
rbfcorr_image21_1_jpeg.rf.17b3637543818d1d3b29f255a163e689.jpg,train,tiny_bbox,class=rust area=0.000000
rbfcorr_image28_1_jpeg.rf.7190717e19d283ecd9d681de68b27e97.jpg,train,huge_bbox,class=rust area=0.9888
rbfcorr_image2_1_jpeg.rf.b87c17586269953a65fa066500285903.jpg,train,tiny_bbox,class=rust area=0.000001
rbfcorr_image2_1_jpeg.rf.b87c17586269953a65fa066500285903.jpg,train,tiny_bbox,class=rust area=0.000000
rbfcorr_image34_jpeg.rf.833a1c02c5a51a56acb195846b30f87b.jpg,train,tiny_bbox,class=rust area=0.000575
rbfcorr_image39_1_jpeg.rf.ec760c37a6e301e6a3f06d5dda28aca5.jpg,train,huge_bbox,class=rust area=0.8642
rbfcorr_image3_1_jpeg.rf.21530e507af47dcff279f3c2559323bb.jpg,train,huge_bbox,class=rust area=0.9605
rbfcorr_image3_1_jpeg.rf.21530e507af47dcff279f3c2559323bb.jpg,train,tiny_bbox,class=rust area=0.000088
rbfcorr_image48_1_jpeg.rf.5402961fa48cb5ede613b32f5db4a71e.jpg,train,tiny_bbox,class=rust area=0.000000
rbfcorr_image49_1_jpeg.rf.0530fbf8849962e7bc829fceee813e2a.jpg,train,tiny_bbox,class=rust area=0.000708
rbfcorr_image53_jpeg.rf.f35c5e5851136b3585a16a1ef5a0965b.jpg,train,tiny_bbox,class=rust area=0.000000
rbfcorr_image65_1_jpeg.rf.a1e7d6f4eac3712c828b66f1a7aef28f.jpg,train,huge_bbox,class=rust area=0.9971
rbfcorr_image81_1_jpeg.rf.46d45ccf67e32e90da6c45bbac52c712.jpg,train,tiny_bbox,class=rust area=0.000000
rbfcorr_image9_1_jpeg.rf.916a321113331c98f915d38a1a93f5a5.jpg,train,tiny_bbox,class=rust area=0.000554
rbfcorr_images-12-_jpg.rf.df4030d0f0f7e55622af358213f703db.jpg,train,huge_bbox,class=rust area=0.9969
rbfcorr_images-13-_jpg.rf.3ace389e5a9f5130c268af25f44c81f3.jpg,train,huge_bbox,class=rust area=0.9969
rbfcorr_images-14-_jpg.rf.3ac33ed516240a008dd1f6559e290a6c.jpg,train,huge_bbox,class=rust area=0.8781
rbfcorr_images-16-_jpg.rf.fc37cbe21045fefc5ffc0fca70dfabdb.jpg,train,huge_bbox,class=rust area=0.9969
rbfcorr_images-18-_jpg.rf.e1af511c1e6d4c664377445d8f35d9e8.jpg,train,huge_bbox,class=rust area=0.9969
rbfcorr_images-19-_jpg.rf.f6dd7226a0384e92c788cf8e6280fc0b.jpg,train,huge_bbox,class=rust area=0.9969
rbfcorr_images-29-_jpg.rf.9cdf3adb28c161578628fda84b473d6b.jpg,train,huge_bbox,class=rust area=0.9969
rbfcorr_images-31-_jpg.rf.a71af4bf29a0a52d61c5e73c491499c3.jpg,train,huge_bbox,class=rust area=0.9969
rbfcorr_images-34-_jpg.rf.20924f429899d54b04da04ffd6c21978.jpg,train,huge_bbox,class=rust area=0.9969
rbfcorr_images-37-_jpg.rf.904157a48d567d5a66143ad1e94ddd0f.jpg,train,huge_bbox,class=rust area=0.8861
rbfcorr_images-43-_jpg.rf.e8b7450468412a394d6062f32f5568d0.jpg,train,huge_bbox,class=rust area=0.9969
rbfcorr_images-45-_jpg.rf.cf38db14e1c9334875406d6d9c8f2448.jpg,train,huge_bbox,class=rust area=0.9969
rbfcorr_images-47-_jpg.rf.f8bd462d3813d162636f7073e5910b7a.jpg,train,huge_bbox,class=rust area=0.9969
rbfcorr_images-48-_jpg.rf.391fce1b780e935e8bf02f18db57a2b8.jpg,train,huge_bbox,class=rust area=0.9969
rbfcorr_images-6-_jpg.rf.789c3b9b51e2df86029faea8eeb645ef.jpg,train,huge_bbox,class=rust area=0.9969
rbfcorr_images-66-_jpg.rf.88d3b15cfa748a3028afaed113a44d71.jpg,train,huge_bbox,class=rust area=0.9969
rbfcorr_images-69-_jpg.rf.bffdb7bbd0919b9c2cd877ced0c25f2d.jpg,train,huge_bbox,class=rust area=0.9969
rbfcorr_images-74-_jpg.rf.8636e41bb024d4b8e639fbcea5caeb56.jpg,train,huge_bbox,class=rust area=0.9080
rbfcorr_images-82-_jpg.rf.487f78edd789948a037e62f7b30bcf82.jpg,train,huge_bbox,class=rust area=0.8596
rbfcorr_images-83-_jpg.rf.5704fc1904ad65403756f03265e41cf0.jpg,train,huge_bbox,class=rust area=0.9969
rbfcorr_images-92-_jpg.rf.41229a87bd467a14ddba77ff4a14c9e0.jpg,train,huge_bbox,class=rust area=0.9969
rbfcorr_images-93-_jpg.rf.ed1da0cb1321c99307be56dc92f3ba9d.jpg,train,huge_bbox,class=rust area=0.9969
rbfcorr_images-94-_jpg.rf.04fa92a4dd094ede344c6367507c965a.jpg,train,huge_bbox,class=rust area=0.9969
rbfcorr_images-95-_jpg.rf.e6eeb11ef58aad48d3e623b444cbd4e0.jpg,train,huge_bbox,class=rust area=0.8100
rbfcorr_images-97-_jpg.rf.0acdb87de248173d9aebaca5b868a0f6.jpg,train,huge_bbox,class=rust area=0.9969
rbfcorr_img0_jpg.rf.4ad31c92d2e018fb28ca0289f9a50f77.jpg,train,tiny_bbox,class=rust area=0.000487
rbfcorr_img0_jpg.rf.4ad31c92d2e018fb28ca0289f9a50f77.jpg,train,tiny_bbox,class=rust area=0.000695
rbfcorr_img0_jpg.rf.86aeb054ffc33219c613fe26bd900836.jpg,train,tiny_bbox,class=rust area=0.000410
rbfcorr_img0_jpg.rf.86aeb054ffc33219c613fe26bd900836.jpg,train,tiny_bbox,class=rust area=0.000577
rbfcorr_img0_jpg.rf.f1d4d13b7b0abdf60db10b47e11904d0.jpg,train,tiny_bbox,class=rust area=0.000458
rbfcorr_img0_jpg.rf.f1d4d13b7b0abdf60db10b47e11904d0.jpg,train,tiny_bbox,class=rust area=0.000652
rbfcorr_img102_jpg.rf.000cca21cb7e3dd91012df1537c5458c.jpg,train,tiny_bbox,class=rust area=0.000757
rbfcorr_img103_jpg.rf.b85069d57e21c33af4b38697dfb79dfb.jpg,train,huge_bbox,class=rust area=0.9985
rbfcorr_img103_jpg.rf.bbae9d53e10ddcb12de8ab2781c67ff3.jpg,train,huge_bbox,class=rust area=0.9969
rbfcorr_img106_jpg.rf.76aac4f29598b37dd5e5eacd3597f6b9.jpg,train,tiny_bbox,class=rust area=0.000874
rbfcorr_img106_jpg.rf.92284161856ff4c4192f47997b41073f.jpg,train,tiny_bbox,class=rust area=0.000840
rbfcorr_img106_jpg.rf.ae553f81d15d6e0508606c562338aba6.jpg,train,tiny_bbox,class=rust area=0.000800
rbfcorr_img107_jpg.rf.5de9077391ad28a69ccc0e27e899f5a3.jpg,train,tiny_bbox,class=rust area=0.000731
rbfcorr_img111_jpg.rf.8241019007e2e143dbf119b2cf7cb3ea.jpg,train,tiny_bbox,class=rust area=0.000537
rbfcorr_img111_jpg.rf.8241019007e2e143dbf119b2cf7cb3ea.jpg,train,tiny_bbox,class=rust area=0.000677
rbfcorr_img111_jpg.rf.8241019007e2e143dbf119b2cf7cb3ea.jpg,train,tiny_bbox,class=rust area=0.000635
rbfcorr_img111_jpg.rf.8241019007e2e143dbf119b2cf7cb3ea.jpg,train,tiny_bbox,class=rust area=0.000708
rbfcorr_img111_jpg.rf.8241019007e2e143dbf119b2cf7cb3ea.jpg,train,tiny_bbox,class=rust area=0.000729
rbfcorr_img111_jpg.rf.8241019007e2e143dbf119b2cf7cb3ea.jpg,train,tiny_bbox,class=rust area=0.000744
rbfcorr_img111_jpg.rf.8241019007e2e143dbf119b2cf7cb3ea.jpg,train,tiny_bbox,class=rust area=0.000702
rbfcorr_img111_jpg.rf.8241019007e2e143dbf119b2cf7cb3ea.jpg,train,tiny_bbox,class=rust area=0.000920
rbfcorr_img111_jpg.rf.be68bf3da50d4bc4c3d36721f8376620.jpg,train,tiny_bbox,class=rust area=0.000485
rbfcorr_img111_jpg.rf.be68bf3da50d4bc4c3d36721f8376620.jpg,train,tiny_bbox,class=rust area=0.000654
rbfcorr_img111_jpg.rf.be68bf3da50d4bc4c3d36721f8376620.jpg,train,tiny_bbox,class=rust area=0.000612
rbfcorr_img111_jpg.rf.be68bf3da50d4bc4c3d36721f8376620.jpg,train,tiny_bbox,class=rust area=0.000672
rbfcorr_img111_jpg.rf.be68bf3da50d4bc4c3d36721f8376620.jpg,train,tiny_bbox,class=rust area=0.000677
rbfcorr_img111_jpg.rf.be68bf3da50d4bc4c3d36721f8376620.jpg,train,tiny_bbox,class=rust area=0.000676
rbfcorr_img111_jpg.rf.be68bf3da50d4bc4c3d36721f8376620.jpg,train,tiny_bbox,class=rust area=0.000708
rbfcorr_img111_jpg.rf.be68bf3da50d4bc4c3d36721f8376620.jpg,train,tiny_bbox,class=rust area=0.000933
rbfcorr_img111_jpg.rf.f7c78f081a86e484d4391b3fee166aa7.jpg,train,tiny_bbox,class=rust area=0.000427
rbfcorr_img111_jpg.rf.f7c78f081a86e484d4391b3fee166aa7.jpg,train,tiny_bbox,class=rust area=0.000996
rbfcorr_img111_jpg.rf.f7c78f081a86e484d4391b3fee166aa7.jpg,train,tiny_bbox,class=rust area=0.000668
rbfcorr_img111_jpg.rf.f7c78f081a86e484d4391b3fee166aa7.jpg,train,tiny_bbox,class=rust area=0.000561
rbfcorr_img111_jpg.rf.f7c78f081a86e484d4391b3fee166aa7.jpg,train,tiny_bbox,class=rust area=0.000627
rbfcorr_img111_jpg.rf.f7c78f081a86e484d4391b3fee166aa7.jpg,train,tiny_bbox,class=rust area=0.000643
rbfcorr_img111_jpg.rf.f7c78f081a86e484d4391b3fee166aa7.jpg,train,tiny_bbox,class=rust area=0.000664
rbfcorr_img111_jpg.rf.f7c78f081a86e484d4391b3fee166aa7.jpg,train,tiny_bbox,class=rust area=0.000712
rbfcorr_img111_jpg.rf.f7c78f081a86e484d4391b3fee166aa7.jpg,train,tiny_bbox,class=rust area=0.000961
rbfcorr_img115_jpg.rf.0ae73a372d67b03a612e8b1e1998c46c.jpg,train,tiny_bbox,class=rust area=0.000055
rbfcorr_img115_jpg.rf.63ad7e8233ce161d09142181b8eed32b.jpg,train,tiny_bbox,class=rust area=0.000058
rbfcorr_img115_jpg.rf.a16cd9d7740425b398d51f4a1d371ab2.jpg,train,tiny_bbox,class=rust area=0.000060
rbfcorr_img119_jpg.rf.1a1493b839a15ccecd0184a9e7944b25.jpg,train,tiny_bbox,class=rust area=0.000821
rbfcorr_img119_jpg.rf.46461363e56e882d0b29b3db7b5743cb.jpg,train,tiny_bbox,class=rust area=0.000845
rbfcorr_img119_jpg.rf.90b7514cd69bb437dd396228d1abe51d.jpg,train,tiny_bbox,class=rust area=0.000831
rbfcorr_img122_jpg.rf.0bb1f3cbef65122b9898156876dc826d.jpg,train,huge_bbox,class=rust area=0.9636
rbfcorr_img122_jpg.rf.75376aa3efe3a24573790a954ed990e1.jpg,train,huge_bbox,class=rust area=0.9952
rbfcorr_img122_jpg.rf.91169b60985db0f364e7dd95036ce383.jpg,train,huge_bbox,class=rust area=0.9597
rbfcorr_img124_jpg.rf.33311b3fc5f6d95d264c8bae56f2a84a.jpg,train,huge_bbox,class=rust area=0.9970
rbfcorr_img124_jpg.rf.ce3e7ac4db3f4da4caac68b22288fcf2.jpg,train,huge_bbox,class=rust area=0.9970
rbfcorr_img124_jpg.rf.dfcaddd71ded3612c39524677516aefc.jpg,train,huge_bbox,class=rust area=0.9977
rbfcorr_img135_jpg.rf.6f0763a9c339a0c6567cc0f55cdeb1e9.jpg,train,tiny_bbox,class=rust area=0.000383
rbfcorr_img135_jpg.rf.6f0763a9c339a0c6567cc0f55cdeb1e9.jpg,train,tiny_bbox,class=rust area=0.000958
rbfcorr_img135_jpg.rf.9c80634b7c07cbfec40a048743947a46.jpg,train,tiny_bbox,class=rust area=0.000383
rbfcorr_img135_jpg.rf.9c80634b7c07cbfec40a048743947a46.jpg,train,tiny_bbox,class=rust area=0.000958
rbfcorr_img135_jpg.rf.d4167eabf69dfc66d13c4538159143a8.jpg,train,tiny_bbox,class=rust area=0.000400
rbfcorr_img135_jpg.rf.d4167eabf69dfc66d13c4538159143a8.jpg,train,tiny_bbox,class=rust area=0.000995
rbfcorr_img136_jpg.rf.364415a5df3c0f2e2d45ce913f6f6f9d.jpg,train,tiny_bbox,class=rust area=0.000966
rbfcorr_img136_jpg.rf.a17ec3090ad1c94fd649a8145191a597.jpg,train,tiny_bbox,class=rust area=0.000980
rbfcorr_img136_jpg.rf.a17ec3090ad1c94fd649a8145191a597.jpg,train,tiny_bbox,class=rust area=0.000894
rbfcorr_img136_jpg.rf.b6ef496abba2c288f146897f2b98970c.jpg,train,tiny_bbox,class=rust area=0.000999
rbfcorr_img13_jpg.rf.4796f656131e35db4e6a771d78f9b2f3.jpg,train,tiny_bbox,class=rust area=0.000362
rbfcorr_img13_jpg.rf.4796f656131e35db4e6a771d78f9b2f3.jpg,train,tiny_bbox,class=rust area=0.000455
rbfcorr_img13_jpg.rf.4796f656131e35db4e6a771d78f9b2f3.jpg,train,tiny_bbox,class=rust area=0.000882
rbfcorr_img13_jpg.rf.4ed5d70c7412893508166ff2ed538be9.jpg,train,tiny_bbox,class=rust area=0.000620
rbfcorr_img13_jpg.rf.4ed5d70c7412893508166ff2ed538be9.jpg,train,tiny_bbox,class=rust area=0.000774
rbfcorr_img13_jpg.rf.7d5c54ee280eb1182397d5ed86bfd9fb.jpg,train,tiny_bbox,class=rust area=0.000598
rbfcorr_img13_jpg.rf.7d5c54ee280eb1182397d5ed86bfd9fb.jpg,train,tiny_bbox,class=rust area=0.000741
rbfcorr_img141_jpg.rf.38880d6a40fd4f1edac79474ff7ecacc.jpg,train,tiny_bbox,class=rust area=0.000511
rbfcorr_img141_jpg.rf.4718053381e93ce328ee5be8c622a8be.jpg,train,tiny_bbox,class=rust area=0.000426
rbfcorr_img141_jpg.rf.b98306f288b390b2c09d8193831bc426.jpg,train,tiny_bbox,class=rust area=0.000373
rbfcorr_img155_jpg.rf.57e29f44f27e9609446494d9e3226e0c.jpg,train,tiny_bbox,class=rust area=0.000680
rbfcorr_img155_jpg.rf.57e29f44f27e9609446494d9e3226e0c.jpg,train,tiny_bbox,class=rust area=0.000306
rbfcorr_img155_jpg.rf.57e29f44f27e9609446494d9e3226e0c.jpg,train,tiny_bbox,class=rust area=0.000710
rbfcorr_img155_jpg.rf.57e29f44f27e9609446494d9e3226e0c.jpg,train,tiny_bbox,class=rust area=0.000509
rbfcorr_img155_jpg.rf.57e29f44f27e9609446494d9e3226e0c.jpg,train,tiny_bbox,class=rust area=0.000480
rbfcorr_img155_jpg.rf.57e29f44f27e9609446494d9e3226e0c.jpg,train,tiny_bbox,class=rust area=0.000400
rbfcorr_img155_jpg.rf.57e29f44f27e9609446494d9e3226e0c.jpg,train,tiny_bbox,class=rust area=0.000320
rbfcorr_img155_jpg.rf.b8643def996470802282fbb6c61ea172.jpg,train,tiny_bbox,class=rust area=0.000837
rbfcorr_img155_jpg.rf.b8643def996470802282fbb6c61ea172.jpg,train,tiny_bbox,class=rust area=0.000378
rbfcorr_img155_jpg.rf.b8643def996470802282fbb6c61ea172.jpg,train,tiny_bbox,class=rust area=0.000763
rbfcorr_img155_jpg.rf.b8643def996470802282fbb6c61ea172.jpg,train,tiny_bbox,class=rust area=0.000595
rbfcorr_img155_jpg.rf.b8643def996470802282fbb6c61ea172.jpg,train,tiny_bbox,class=rust area=0.000413
rbfcorr_img155_jpg.rf.b8643def996470802282fbb6c61ea172.jpg,train,tiny_bbox,class=rust area=0.000338
rbfcorr_img155_jpg.rf.b8643def996470802282fbb6c61ea172.jpg,train,tiny_bbox,class=rust area=0.000329
rbfcorr_img155_jpg.rf.b8643def996470802282fbb6c61ea172.jpg,train,tiny_bbox,class=rust area=0.000936
rbfcorr_img155_jpg.rf.fac03fc26b50ff632de5e1eaf5e95f98.jpg,train,tiny_bbox,class=rust area=0.000567
rbfcorr_img155_jpg.rf.fac03fc26b50ff632de5e1eaf5e95f98.jpg,train,tiny_bbox,class=rust area=0.000361
rbfcorr_img155_jpg.rf.fac03fc26b50ff632de5e1eaf5e95f98.jpg,train,tiny_bbox,class=rust area=0.000823
rbfcorr_img155_jpg.rf.fac03fc26b50ff632de5e1eaf5e95f98.jpg,train,tiny_bbox,class=rust area=0.000459
rbfcorr_img155_jpg.rf.fac03fc26b50ff632de5e1eaf5e95f98.jpg,train,tiny_bbox,class=rust area=0.000531
rbfcorr_img155_jpg.rf.fac03fc26b50ff632de5e1eaf5e95f98.jpg,train,tiny_bbox,class=rust area=0.000467
rbfcorr_img155_jpg.rf.fac03fc26b50ff632de5e1eaf5e95f98.jpg,train,tiny_bbox,class=rust area=0.000343
rbfcorr_img157_jpg.rf.22d502bc3366fd77f7e3363c71f898fd.jpg,train,tiny_bbox,class=rust area=0.000810
rbfcorr_img157_jpg.rf.b72eb97e4601d139ba23176e671f828d.jpg,train,tiny_bbox,class=rust area=0.000644
rbfcorr_img157_jpg.rf.c3be10e2d4abfb94c59b4bade5f9c7ca.jpg,train,tiny_bbox,class=rust area=0.000412
rbfcorr_img158_jpg.rf.470c4560ba613c27e1ad9bb84681d2f8.jpg,train,tiny_bbox,class=rust area=0.000224
rbfcorr_img158_jpg.rf.66e8991718afd62a0096f73f18e97e3a.jpg,train,tiny_bbox,class=rust area=0.000226
rbfcorr_img158_jpg.rf.f2bf81071d6e676a0a89dfd637a39a01.jpg,train,tiny_bbox,class=rust area=0.000227
rbfcorr_img168_jpg.rf.84fa789f3f7404eca2918d3e10ab0d79.jpg,train,tiny_bbox,class=rust area=0.000772
rbfcorr_img168_jpg.rf.94a2082bdd692a4149174560a056e9bc.jpg,train,tiny_bbox,class=rust area=0.000983
rbfcorr_img177_jpg.rf.29b9edbcbce38dc3015b5fa46036f427.jpg,train,tiny_bbox,class=rust area=0.000850
rbfcorr_img177_jpg.rf.29b9edbcbce38dc3015b5fa46036f427.jpg,train,tiny_bbox,class=rust area=0.000578
rbfcorr_img177_jpg.rf.29b9edbcbce38dc3015b5fa46036f427.jpg,train,tiny_bbox,class=rust area=0.000667
rbfcorr_img177_jpg.rf.300ff8f6e2c6161439a02541f856ffa4.jpg,train,tiny_bbox,class=rust area=0.000902
rbfcorr_img177_jpg.rf.300ff8f6e2c6161439a02541f856ffa4.jpg,train,tiny_bbox,class=rust area=0.000417
rbfcorr_img177_jpg.rf.300ff8f6e2c6161439a02541f856ffa4.jpg,train,tiny_bbox,class=rust area=0.000970
rbfcorr_img177_jpg.rf.300ff8f6e2c6161439a02541f856ffa4.jpg,train,tiny_bbox,class=rust area=0.000750
rbfcorr_img177_jpg.rf.ec734a4efb342191b29e8cb0677a2bd5.jpg,train,tiny_bbox,class=rust area=0.000841
rbfcorr_img177_jpg.rf.ec734a4efb342191b29e8cb0677a2bd5.jpg,train,tiny_bbox,class=rust area=0.000648
rbfcorr_img181_jpg.rf.884ea61e1d6437712670dcf5cf0827f3.jpg,train,tiny_bbox,class=rust area=0.000852
rbfcorr_img181_jpg.rf.884ea61e1d6437712670dcf5cf0827f3.jpg,train,tiny_bbox,class=rust area=0.000365
rbfcorr_img181_jpg.rf.884ea61e1d6437712670dcf5cf0827f3.jpg,train,tiny_bbox,class=rust area=0.000309
rbfcorr_img181_jpg.rf.884ea61e1d6437712670dcf5cf0827f3.jpg,train,tiny_bbox,class=rust area=0.000807
rbfcorr_img181_jpg.rf.884ea61e1d6437712670dcf5cf0827f3.jpg,train,tiny_bbox,class=rust area=0.000527
rbfcorr_img181_jpg.rf.884ea61e1d6437712670dcf5cf0827f3.jpg,train,tiny_bbox,class=rust area=0.000845
rbfcorr_img181_jpg.rf.884ea61e1d6437712670dcf5cf0827f3.jpg,train,tiny_bbox,class=rust area=0.000839
rbfcorr_img181_jpg.rf.884ea61e1d6437712670dcf5cf0827f3.jpg,train,tiny_bbox,class=rust area=0.000505
rbfcorr_img181_jpg.rf.884ea61e1d6437712670dcf5cf0827f3.jpg,train,tiny_bbox,class=rust area=0.000599
rbfcorr_img181_jpg.rf.884ea61e1d6437712670dcf5cf0827f3.jpg,train,tiny_bbox,class=rust area=0.000691
rbfcorr_img181_jpg.rf.884ea61e1d6437712670dcf5cf0827f3.jpg,train,tiny_bbox,class=rust area=0.000922
rbfcorr_img181_jpg.rf.884ea61e1d6437712670dcf5cf0827f3.jpg,train,tiny_bbox,class=rust area=0.000605
rbfcorr_img181_jpg.rf.884ea61e1d6437712670dcf5cf0827f3.jpg,train,tiny_bbox,class=rust area=0.000652
rbfcorr_img181_jpg.rf.884ea61e1d6437712670dcf5cf0827f3.jpg,train,tiny_bbox,class=rust area=0.000631
rbfcorr_img181_jpg.rf.884ea61e1d6437712670dcf5cf0827f3.jpg,train,tiny_bbox,class=rust area=0.000439
rbfcorr_img181_jpg.rf.884ea61e1d6437712670dcf5cf0827f3.jpg,train,tiny_bbox,class=rust area=0.000955
rbfcorr_img181_jpg.rf.884ea61e1d6437712670dcf5cf0827f3.jpg,train,tiny_bbox,class=rust area=0.000626
rbfcorr_img181_jpg.rf.884ea61e1d6437712670dcf5cf0827f3.jpg,train,tiny_bbox,class=rust area=0.000960
rbfcorr_img181_jpg.rf.884ea61e1d6437712670dcf5cf0827f3.jpg,train,tiny_bbox,class=rust area=0.000960
rbfcorr_img181_jpg.rf.884ea61e1d6437712670dcf5cf0827f3.jpg,train,tiny_bbox,class=rust area=0.000444
rbfcorr_img181_jpg.rf.884ea61e1d6437712670dcf5cf0827f3.jpg,train,tiny_bbox,class=rust area=0.000835
rbfcorr_img181_jpg.rf.884ea61e1d6437712670dcf5cf0827f3.jpg,train,too_many_labels,count=73
rbfcorr_img181_jpg.rf.8c3bf13a2fc13ee82e927fc096f5576d.jpg,train,tiny_bbox,class=rust area=0.000884
rbfcorr_img181_jpg.rf.8c3bf13a2fc13ee82e927fc096f5576d.jpg,train,tiny_bbox,class=rust area=0.000422
rbfcorr_img181_jpg.rf.8c3bf13a2fc13ee82e927fc096f5576d.jpg,train,tiny_bbox,class=rust area=0.000320
rbfcorr_img181_jpg.rf.8c3bf13a2fc13ee82e927fc096f5576d.jpg,train,tiny_bbox,class=rust area=0.000866
rbfcorr_img181_jpg.rf.8c3bf13a2fc13ee82e927fc096f5576d.jpg,train,tiny_bbox,class=rust area=0.000556
rbfcorr_img181_jpg.rf.8c3bf13a2fc13ee82e927fc096f5576d.jpg,train,tiny_bbox,class=rust area=0.000862
rbfcorr_img181_jpg.rf.8c3bf13a2fc13ee82e927fc096f5576d.jpg,train,tiny_bbox,class=rust area=0.000947
rbfcorr_img181_jpg.rf.8c3bf13a2fc13ee82e927fc096f5576d.jpg,train,tiny_bbox,class=rust area=0.000576
rbfcorr_img181_jpg.rf.8c3bf13a2fc13ee82e927fc096f5576d.jpg,train,tiny_bbox,class=rust area=0.000650
rbfcorr_img181_jpg.rf.8c3bf13a2fc13ee82e927fc096f5576d.jpg,train,tiny_bbox,class=rust area=0.000703
rbfcorr_img181_jpg.rf.8c3bf13a2fc13ee82e927fc096f5576d.jpg,train,tiny_bbox,class=rust area=0.000617
rbfcorr_img181_jpg.rf.8c3bf13a2fc13ee82e927fc096f5576d.jpg,train,tiny_bbox,class=rust area=0.000742
rbfcorr_img181_jpg.rf.8c3bf13a2fc13ee82e927fc096f5576d.jpg,train,tiny_bbox,class=rust area=0.000658
rbfcorr_img181_jpg.rf.8c3bf13a2fc13ee82e927fc096f5576d.jpg,train,tiny_bbox,class=rust area=0.000483
rbfcorr_img181_jpg.rf.8c3bf13a2fc13ee82e927fc096f5576d.jpg,train,tiny_bbox,class=rust area=0.000757
rbfcorr_img181_jpg.rf.8c3bf13a2fc13ee82e927fc096f5576d.jpg,train,tiny_bbox,class=rust area=0.000351
rbfcorr_img181_jpg.rf.8c3bf13a2fc13ee82e927fc096f5576d.jpg,train,tiny_bbox,class=rust area=0.000919
rbfcorr_img181_jpg.rf.8c3bf13a2fc13ee82e927fc096f5576d.jpg,train,tiny_bbox,class=rust area=0.000584
rbfcorr_img181_jpg.rf.8c3bf13a2fc13ee82e927fc096f5576d.jpg,train,tiny_bbox,class=rust area=0.000379
rbfcorr_img181_jpg.rf.8c3bf13a2fc13ee82e927fc096f5576d.jpg,train,tiny_bbox,class=rust area=0.000853
rbfcorr_img181_jpg.rf.8c3bf13a2fc13ee82e927fc096f5576d.jpg,train,too_many_labels,count=71
rbfcorr_img181_jpg.rf.f956508d1ddcca245d7f86e2c56bc44f.jpg,train,tiny_bbox,class=rust area=0.000840
rbfcorr_img181_jpg.rf.f956508d1ddcca245d7f86e2c56bc44f.jpg,train,tiny_bbox,class=rust area=0.000362
rbfcorr_img181_jpg.rf.f956508d1ddcca245d7f86e2c56bc44f.jpg,train,tiny_bbox,class=rust area=0.000309
rbfcorr_img181_jpg.rf.f956508d1ddcca245d7f86e2c56bc44f.jpg,train,tiny_bbox,class=rust area=0.000793
rbfcorr_img181_jpg.rf.f956508d1ddcca245d7f86e2c56bc44f.jpg,train,tiny_bbox,class=rust area=0.000536
rbfcorr_img181_jpg.rf.f956508d1ddcca245d7f86e2c56bc44f.jpg,train,tiny_bbox,class=rust area=0.000849
rbfcorr_img181_jpg.rf.f956508d1ddcca245d7f86e2c56bc44f.jpg,train,tiny_bbox,class=rust area=0.000864
rbfcorr_img181_jpg.rf.f956508d1ddcca245d7f86e2c56bc44f.jpg,train,tiny_bbox,class=rust area=0.000500
rbfcorr_img181_jpg.rf.f956508d1ddcca245d7f86e2c56bc44f.jpg,train,tiny_bbox,class=rust area=0.000598
rbfcorr_img181_jpg.rf.f956508d1ddcca245d7f86e2c56bc44f.jpg,train,tiny_bbox,class=rust area=0.000698
rbfcorr_img181_jpg.rf.f956508d1ddcca245d7f86e2c56bc44f.jpg,train,tiny_bbox,class=rust area=0.000956
rbfcorr_img181_jpg.rf.f956508d1ddcca245d7f86e2c56bc44f.jpg,train,tiny_bbox,class=rust area=0.000611
rbfcorr_img181_jpg.rf.f956508d1ddcca245d7f86e2c56bc44f.jpg,train,tiny_bbox,class=rust area=0.000628
rbfcorr_img181_jpg.rf.f956508d1ddcca245d7f86e2c56bc44f.jpg,train,tiny_bbox,class=rust area=0.000638
rbfcorr_img181_jpg.rf.f956508d1ddcca245d7f86e2c56bc44f.jpg,train,tiny_bbox,class=rust area=0.000440
rbfcorr_img181_jpg.rf.f956508d1ddcca245d7f86e2c56bc44f.jpg,train,tiny_bbox,class=rust area=0.000929
rbfcorr_img181_jpg.rf.f956508d1ddcca245d7f86e2c56bc44f.jpg,train,tiny_bbox,class=rust area=0.000658
rbfcorr_img181_jpg.rf.f956508d1ddcca245d7f86e2c56bc44f.jpg,train,tiny_bbox,class=rust area=0.000965
rbfcorr_img181_jpg.rf.f956508d1ddcca245d7f86e2c56bc44f.jpg,train,tiny_bbox,class=rust area=0.000943
rbfcorr_img181_jpg.rf.f956508d1ddcca245d7f86e2c56bc44f.jpg,train,tiny_bbox,class=rust area=0.000431
rbfcorr_img181_jpg.rf.f956508d1ddcca245d7f86e2c56bc44f.jpg,train,tiny_bbox,class=rust area=0.000804
rbfcorr_img181_jpg.rf.f956508d1ddcca245d7f86e2c56bc44f.jpg,train,too_many_labels,count=73
rbfcorr_img185_jpg.rf.04d3d90d8f9fbaf29b7cd0159da0ae94.jpg,train,huge_bbox,class=rust area=1.0000
rbfcorr_img185_jpg.rf.b7153ed1d03109911d1e7e2f7fe16c11.jpg,train,huge_bbox,class=rust area=0.9961
rbfcorr_img185_jpg.rf.d4a8ee8b260d100df3669b33e42d87a2.jpg,train,huge_bbox,class=rust area=1.0000
rbfcorr_img188_jpg.rf.adfb4b855743c3ac591b52459ad196cc.jpg,train,huge_bbox,class=rust area=0.8120
rbfcorr_img191_jpg.rf.1069f3cc2f2f8aab5d17d1cf557bd905.jpg,train,tiny_bbox,class=rust area=0.000647
rbfcorr_img191_jpg.rf.1ebadc76f20406d5114a935d9554018a.jpg,train,tiny_bbox,class=rust area=0.000647
rbfcorr_img191_jpg.rf.ece29255428f12569afaa78291dee5c7.jpg,train,tiny_bbox,class=rust area=0.000598
rbfcorr_img192_jpg.rf.541de24e2f29e864e081041429dabf8a.jpg,train,tiny_bbox,class=rust area=0.000407
rbfcorr_img192_jpg.rf.541de24e2f29e864e081041429dabf8a.jpg,train,tiny_bbox,class=rust area=0.000865
rbfcorr_img192_jpg.rf.56ffd763627ef103f0b7d8130da9eda6.jpg,train,tiny_bbox,class=rust area=0.000412
rbfcorr_img192_jpg.rf.56ffd763627ef103f0b7d8130da9eda6.jpg,train,tiny_bbox,class=rust area=0.000921
rbfcorr_img192_jpg.rf.f8970922328bc81f31a20dd08bb9d415.jpg,train,tiny_bbox,class=rust area=0.000424
rbfcorr_img192_jpg.rf.f8970922328bc81f31a20dd08bb9d415.jpg,train,tiny_bbox,class=rust area=0.000860
rbfcorr_img193_jpg.rf.64f00f0568d787e090c9d9a864dcbe9e.jpg,train,huge_bbox,class=rust area=0.8388
rbfcorr_img193_jpg.rf.66aff285599f5e994301de5366ea5f1e.jpg,train,huge_bbox,class=rust area=0.8508
rbfcorr_img193_jpg.rf.a496af128b1718925c38de9368c82745.jpg,train,huge_bbox,class=rust area=0.8404
rbfcorr_img195_jpg.rf.2c2b1f08de6c0c2924b579552ce7946a.jpg,train,tiny_bbox,class=rust area=0.000274
rbfcorr_img195_jpg.rf.849a600cea82248df4511a2612befb86.jpg,train,tiny_bbox,class=rust area=0.000206
rbfcorr_img195_jpg.rf.849a600cea82248df4511a2612befb86.jpg,train,tiny_bbox,class=rust area=0.000890
rbfcorr_img195_jpg.rf.a1c8d206ca7f953fb64843084b7e2824.jpg,train,tiny_bbox,class=rust area=0.000509
rbfcorr_img1_jpg.rf.a716d06ce564c2c7223eec67567b65c1.jpg,train,tiny_bbox,class=rust area=0.000395
rbfcorr_img1_jpg.rf.a716d06ce564c2c7223eec67567b65c1.jpg,train,tiny_bbox,class=rust area=0.000453
rbfcorr_img1_jpg.rf.a716d06ce564c2c7223eec67567b65c1.jpg,train,tiny_bbox,class=rust area=0.000692
rbfcorr_img1_jpg.rf.a716d06ce564c2c7223eec67567b65c1.jpg,train,tiny_bbox,class=rust area=0.000342
rbfcorr_img1_jpg.rf.a716d06ce564c2c7223eec67567b65c1.jpg,train,tiny_bbox,class=rust area=0.000449
rbfcorr_img1_jpg.rf.c8ab955f3401aa411a46293197028181.jpg,train,tiny_bbox,class=rust area=0.000368
rbfcorr_img1_jpg.rf.c8ab955f3401aa411a46293197028181.jpg,train,tiny_bbox,class=rust area=0.000507
rbfcorr_img1_jpg.rf.c8ab955f3401aa411a46293197028181.jpg,train,tiny_bbox,class=rust area=0.000726
rbfcorr_img1_jpg.rf.c8ab955f3401aa411a46293197028181.jpg,train,tiny_bbox,class=rust area=0.000357
rbfcorr_img1_jpg.rf.c8ab955f3401aa411a46293197028181.jpg,train,tiny_bbox,class=rust area=0.000548
rbfcorr_img1_jpg.rf.f2f3e04a02614fdae712b4570612d493.jpg,train,tiny_bbox,class=rust area=0.000412
rbfcorr_img1_jpg.rf.f2f3e04a02614fdae712b4570612d493.jpg,train,tiny_bbox,class=rust area=0.000456
rbfcorr_img1_jpg.rf.f2f3e04a02614fdae712b4570612d493.jpg,train,tiny_bbox,class=rust area=0.000710
rbfcorr_img1_jpg.rf.f2f3e04a02614fdae712b4570612d493.jpg,train,tiny_bbox,class=rust area=0.000362
rbfcorr_img1_jpg.rf.f2f3e04a02614fdae712b4570612d493.jpg,train,tiny_bbox,class=rust area=0.000420
rbfcorr_img207_jpg.rf.049135f502bf0ad03ad97c6f9b6eb3de.jpg,train,tiny_bbox,class=rust area=0.000177
rbfcorr_img207_jpg.rf.049135f502bf0ad03ad97c6f9b6eb3de.jpg,train,tiny_bbox,class=rust area=0.000785
rbfcorr_img207_jpg.rf.049135f502bf0ad03ad97c6f9b6eb3de.jpg,train,tiny_bbox,class=rust area=0.000681
rbfcorr_img207_jpg.rf.049135f502bf0ad03ad97c6f9b6eb3de.jpg,train,tiny_bbox,class=rust area=0.000901
rbfcorr_img207_jpg.rf.049135f502bf0ad03ad97c6f9b6eb3de.jpg,train,tiny_bbox,class=rust area=0.000921
rbfcorr_img207_jpg.rf.2e872d70f631661040860e8d6f76b106.jpg,train,tiny_bbox,class=rust area=0.000176
rbfcorr_img207_jpg.rf.2e872d70f631661040860e8d6f76b106.jpg,train,tiny_bbox,class=rust area=0.000152
rbfcorr_img207_jpg.rf.2e872d70f631661040860e8d6f76b106.jpg,train,tiny_bbox,class=rust area=0.000681
rbfcorr_img207_jpg.rf.2e872d70f631661040860e8d6f76b106.jpg,train,tiny_bbox,class=rust area=0.000828
rbfcorr_img207_jpg.rf.2e872d70f631661040860e8d6f76b106.jpg,train,tiny_bbox,class=rust area=0.000906
rbfcorr_img207_jpg.rf.deee42d46465989a362dee39118cf9ed.jpg,train,tiny_bbox,class=rust area=0.000197
rbfcorr_img207_jpg.rf.deee42d46465989a362dee39118cf9ed.jpg,train,tiny_bbox,class=rust area=0.000376
rbfcorr_img207_jpg.rf.deee42d46465989a362dee39118cf9ed.jpg,train,tiny_bbox,class=rust area=0.000995
rbfcorr_img213_jpg.rf.1bcf5428c67426c32d4cdd5cf5ce34f7.jpg,train,tiny_bbox,class=rust area=0.000960
rbfcorr_img213_jpg.rf.1bcf5428c67426c32d4cdd5cf5ce34f7.jpg,train,tiny_bbox,class=rust area=0.000145
rbfcorr_img213_jpg.rf.4582e5dff135830286d46d1881aeb19e.jpg,train,tiny_bbox,class=rust area=0.001000
rbfcorr_img213_jpg.rf.4582e5dff135830286d46d1881aeb19e.jpg,train,tiny_bbox,class=rust area=0.000166
rbfcorr_img213_jpg.rf.4a9cd130b974dba250313cbb54aef176.jpg,train,tiny_bbox,class=rust area=0.000894
rbfcorr_img213_jpg.rf.4a9cd130b974dba250313cbb54aef176.jpg,train,tiny_bbox,class=rust area=0.000155
rbfcorr_img215_jpg.rf.a1555399fcb0f9fba921a4af096bea1f.jpg,train,tiny_bbox,class=rust area=0.000738
rbfcorr_img215_jpg.rf.a1555399fcb0f9fba921a4af096bea1f.jpg,train,tiny_bbox,class=rust area=0.000882
rbfcorr_img215_jpg.rf.adefd7d5798d7a810af816cd97d0c87e.jpg,train,tiny_bbox,class=rust area=0.000724
rbfcorr_img215_jpg.rf.adefd7d5798d7a810af816cd97d0c87e.jpg,train,tiny_bbox,class=rust area=0.000834
rbfcorr_img215_jpg.rf.bd4bba050fc172a34e6ea1110c2a3b29.jpg,train,tiny_bbox,class=rust area=0.000768
rbfcorr_img215_jpg.rf.bd4bba050fc172a34e6ea1110c2a3b29.jpg,train,tiny_bbox,class=rust area=0.000919
rbfcorr_img220_jpg.rf.09c36425f3c708b873f94ad5dc899ae4.jpg,train,huge_bbox,class=rust area=1.0000
rbfcorr_img220_jpg.rf.d206d29f8b9a3b253a49076725bc9303.jpg,train,huge_bbox,class=rust area=0.9922
rbfcorr_img220_jpg.rf.efec4676b1d08c90259bc205e0c04c28.jpg,train,huge_bbox,class=rust area=1.0000
rbfcorr_img221_jpg.rf.a282d56481505f2fe0785ad9d74e59df.jpg,train,tiny_bbox,class=rust area=0.000519
rbfcorr_img221_jpg.rf.a282d56481505f2fe0785ad9d74e59df.jpg,train,tiny_bbox,class=rust area=0.000593
rbfcorr_img221_jpg.rf.a282d56481505f2fe0785ad9d74e59df.jpg,train,tiny_bbox,class=rust area=0.000133
rbfcorr_img221_jpg.rf.cb652d5255c553a0c70823075b56c63d.jpg,train,tiny_bbox,class=rust area=0.000541
rbfcorr_img221_jpg.rf.cb652d5255c553a0c70823075b56c63d.jpg,train,tiny_bbox,class=rust area=0.000717
rbfcorr_img221_jpg.rf.cb652d5255c553a0c70823075b56c63d.jpg,train,tiny_bbox,class=rust area=0.000149
rbfcorr_img221_jpg.rf.cc374949489222899e8e83e3eaead170.jpg,train,tiny_bbox,class=rust area=0.000527
rbfcorr_img221_jpg.rf.cc374949489222899e8e83e3eaead170.jpg,train,tiny_bbox,class=rust area=0.000631
rbfcorr_img221_jpg.rf.cc374949489222899e8e83e3eaead170.jpg,train,tiny_bbox,class=rust area=0.000140
rbfcorr_img22_jpg.rf.002d01274187364b4b613ab8ef7afaef.jpg,train,tiny_bbox,class=rust area=0.000771
rbfcorr_img232_jpg.rf.d0b7eccbf5765c39e9cdeabbfb26507b.jpg,train,tiny_bbox,class=rust area=0.000947
rbfcorr_img232_jpg.rf.d0b7eccbf5765c39e9cdeabbfb26507b.jpg,train,tiny_bbox,class=rust area=0.000107
rbfcorr_img232_jpg.rf.d0b7eccbf5765c39e9cdeabbfb26507b.jpg,train,tiny_bbox,class=rust area=0.000884
rbfcorr_img232_jpg.rf.d0b7eccbf5765c39e9cdeabbfb26507b.jpg,train,tiny_bbox,class=rust area=0.000849
rbfcorr_img232_jpg.rf.d0b7eccbf5765c39e9cdeabbfb26507b.jpg,train,tiny_bbox,class=rust area=0.000633
rbfcorr_img232_jpg.rf.eb0bf06018fcb27184998391b0a7dc10.jpg,train,tiny_bbox,class=rust area=0.000274
rbfcorr_img232_jpg.rf.eb0bf06018fcb27184998391b0a7dc10.jpg,train,tiny_bbox,class=rust area=0.000914
rbfcorr_img232_jpg.rf.eb0bf06018fcb27184998391b0a7dc10.jpg,train,tiny_bbox,class=rust area=0.000812
rbfcorr_img232_jpg.rf.eb0bf06018fcb27184998391b0a7dc10.jpg,train,tiny_bbox,class=rust area=0.000664
rbfcorr_img232_jpg.rf.f107ec4dd1dceee1849290e56e208694.jpg,train,tiny_bbox,class=rust area=0.000947
rbfcorr_img232_jpg.rf.f107ec4dd1dceee1849290e56e208694.jpg,train,tiny_bbox,class=rust area=0.000104
rbfcorr_img232_jpg.rf.f107ec4dd1dceee1849290e56e208694.jpg,train,tiny_bbox,class=rust area=0.000881
rbfcorr_img232_jpg.rf.f107ec4dd1dceee1849290e56e208694.jpg,train,tiny_bbox,class=rust area=0.000848
rbfcorr_img232_jpg.rf.f107ec4dd1dceee1849290e56e208694.jpg,train,tiny_bbox,class=rust area=0.000628
rbfcorr_img238_jpg.rf.9257aabb86c704952dc11f2277c2ac0d.jpg,train,tiny_bbox,class=rust area=0.000933
rbfcorr_img238_jpg.rf.ab723787007eba90a5381f0ed3e06c2e.jpg,train,tiny_bbox,class=rust area=0.000945
rbfcorr_img238_jpg.rf.ca7019ffb7b1a3de18c4bdb9a51fc281.jpg,train,tiny_bbox,class=rust area=0.000730
rbfcorr_img23_jpg.rf.21baa8bfd87a88bc62b3d4506844e3ff.jpg,train,tiny_bbox,class=rust area=0.000151
rbfcorr_img23_jpg.rf.21baa8bfd87a88bc62b3d4506844e3ff.jpg,train,tiny_bbox,class=rust area=0.000567
rbfcorr_img23_jpg.rf.8e250aa8f7953413a2bcd456294acca2.jpg,train,tiny_bbox,class=rust area=0.000152
rbfcorr_img23_jpg.rf.8e250aa8f7953413a2bcd456294acca2.jpg,train,tiny_bbox,class=rust area=0.000573
rbfcorr_img23_jpg.rf.9abae87b9f3f5750444044c10ec26414.jpg,train,tiny_bbox,class=rust area=0.000150
rbfcorr_img23_jpg.rf.9abae87b9f3f5750444044c10ec26414.jpg,train,tiny_bbox,class=rust area=0.000556
rbfcorr_img241_jpg.rf.0bf48f62a2addeeb81f7983013dc3385.jpg,train,tiny_bbox,class=rust area=0.000353
rbfcorr_img241_jpg.rf.259a27784eab2268211a06fd9eceaf56.jpg,train,tiny_bbox,class=rust area=0.000353
rbfcorr_img241_jpg.rf.4e698c2b588818eb425f259257f4e614.jpg,train,tiny_bbox,class=rust area=0.000347
rbfcorr_img249_jpg.rf.3932e36a091f8546decd30be30bf2fcc.jpg,train,tiny_bbox,class=rust area=0.000699
rbfcorr_img249_jpg.rf.507cbbbe91d13285c18c484218a38623.jpg,train,tiny_bbox,class=rust area=0.000620
rbfcorr_img249_jpg.rf.ae440d1437203125413bfc5946a99f0b.jpg,train,tiny_bbox,class=rust area=0.000710
rbfcorr_img252_jpg.rf.495bc009bba699ef6bc1bc3e360b90e8.jpg,train,tiny_bbox,class=rust area=0.000361
rbfcorr_img252_jpg.rf.51b5c24ead49741641b9ad8fed5ce30f.jpg,train,tiny_bbox,class=rust area=0.000314
rbfcorr_img252_jpg.rf.6af1ad88da251ae67e95c6084124107d.jpg,train,tiny_bbox,class=rust area=0.000416
rbfcorr_img255_jpg.rf.34c376a54b34c2bcb99666884e6a83a1.jpg,train,huge_bbox,class=rust area=0.8279
rbfcorr_img255_jpg.rf.45621021308d197175017df72b905bc1.jpg,train,huge_bbox,class=rust area=0.8402
rbfcorr_img255_jpg.rf.9f299ba8258cf028cf128d1823fa567a.jpg,train,huge_bbox,class=rust area=0.8432
rbfcorr_img28_jpg.rf.09ae511d16c9643e296eac26b9532278.jpg,train,tiny_bbox,class=rust area=0.000134
rbfcorr_img28_jpg.rf.434a4e0ed10dc472f2cae657fa700b65.jpg,train,tiny_bbox,class=rust area=0.000127
rbfcorr_img28_jpg.rf.a9edc64de21e6e882f31c383af256c41.jpg,train,tiny_bbox,class=rust area=0.000344
rbfcorr_img28_jpg.rf.a9edc64de21e6e882f31c383af256c41.jpg,train,tiny_bbox,class=rust area=0.000321
rbfcorr_img28_jpg.rf.a9edc64de21e6e882f31c383af256c41.jpg,train,tiny_bbox,class=rust area=0.000671
rbfcorr_img28_jpg.rf.a9edc64de21e6e882f31c383af256c41.jpg,train,tiny_bbox,class=rust area=0.000321
rbfcorr_img29_jpg.rf.48d2ad494183513b724217dd86fdf645.jpg,train,tiny_bbox,class=rust area=0.000970
rbfcorr_img29_jpg.rf.48d2ad494183513b724217dd86fdf645.jpg,train,tiny_bbox,class=rust area=0.000594
rbfcorr_img29_jpg.rf.48d2ad494183513b724217dd86fdf645.jpg,train,tiny_bbox,class=rust area=0.000950
rbfcorr_img29_jpg.rf.e1bc6cab2a60e707ca4dd8c1ba98557d.jpg,train,tiny_bbox,class=rust area=0.000970
rbfcorr_img29_jpg.rf.e1bc6cab2a60e707ca4dd8c1ba98557d.jpg,train,tiny_bbox,class=rust area=0.000594
rbfcorr_img29_jpg.rf.e1bc6cab2a60e707ca4dd8c1ba98557d.jpg,train,tiny_bbox,class=rust area=0.000950
rbfcorr_img29_jpg.rf.f4ae3e38b2bda0383aa354291dd539ea.jpg,train,tiny_bbox,class=rust area=0.000649
rbfcorr_img30_jpg.rf.66b125480c3b3c12fd9cdd23a7905e0c.jpg,train,tiny_bbox,class=rust area=0.000990
rbfcorr_img30_jpg.rf.c08361cd4b472a79c2df6783c3393cac.jpg,train,tiny_bbox,class=rust area=0.000795
rbfcorr_img3_jpg.rf.7f9e0ad5cd4d78f7ab244b6751aba76b.jpg,train,tiny_bbox,class=rust area=0.000186
rbfcorr_img3_jpg.rf.7f9e0ad5cd4d78f7ab244b6751aba76b.jpg,train,tiny_bbox,class=rust area=0.000186
rbfcorr_img3_jpg.rf.7f9e0ad5cd4d78f7ab244b6751aba76b.jpg,train,tiny_bbox,class=rust area=0.000241
rbfcorr_img3_jpg.rf.7f9e0ad5cd4d78f7ab244b6751aba76b.jpg,train,tiny_bbox,class=rust area=0.000692
rbfcorr_img3_jpg.rf.7f9e0ad5cd4d78f7ab244b6751aba76b.jpg,train,tiny_bbox,class=rust area=0.000441
rbfcorr_img3_jpg.rf.7f9e0ad5cd4d78f7ab244b6751aba76b.jpg,train,tiny_bbox,class=rust area=0.000252
rbfcorr_img3_jpg.rf.7f9e0ad5cd4d78f7ab244b6751aba76b.jpg,train,tiny_bbox,class=rust area=0.000619
rbfcorr_img3_jpg.rf.7f9e0ad5cd4d78f7ab244b6751aba76b.jpg,train,tiny_bbox,class=rust area=0.000189
rbfcorr_img3_jpg.rf.7f9e0ad5cd4d78f7ab244b6751aba76b.jpg,train,tiny_bbox,class=rust area=0.000410
rbfcorr_img3_jpg.rf.7f9e0ad5cd4d78f7ab244b6751aba76b.jpg,train,tiny_bbox,class=rust area=0.000172
rbfcorr_img3_jpg.rf.7f9e0ad5cd4d78f7ab244b6751aba76b.jpg,train,tiny_bbox,class=rust area=0.000458
rbfcorr_img3_jpg.rf.e479c00f0ddf5c8bf041068b4a7d2931.jpg,train,tiny_bbox,class=rust area=0.000185
rbfcorr_img3_jpg.rf.e479c00f0ddf5c8bf041068b4a7d2931.jpg,train,tiny_bbox,class=rust area=0.000206
rbfcorr_img3_jpg.rf.e479c00f0ddf5c8bf041068b4a7d2931.jpg,train,tiny_bbox,class=rust area=0.000230
rbfcorr_img3_jpg.rf.e479c00f0ddf5c8bf041068b4a7d2931.jpg,train,tiny_bbox,class=rust area=0.000660
rbfcorr_img3_jpg.rf.e479c00f0ddf5c8bf041068b4a7d2931.jpg,train,tiny_bbox,class=rust area=0.000448
rbfcorr_img3_jpg.rf.e479c00f0ddf5c8bf041068b4a7d2931.jpg,train,tiny_bbox,class=rust area=0.000251
rbfcorr_img3_jpg.rf.e479c00f0ddf5c8bf041068b4a7d2931.jpg,train,tiny_bbox,class=rust area=0.000695
rbfcorr_img3_jpg.rf.e479c00f0ddf5c8bf041068b4a7d2931.jpg,train,tiny_bbox,class=rust area=0.000197
rbfcorr_img3_jpg.rf.e479c00f0ddf5c8bf041068b4a7d2931.jpg,train,tiny_bbox,class=rust area=0.000530
rbfcorr_img3_jpg.rf.e8dbdbab58b94885a1092cb68abbd093.jpg,train,tiny_bbox,class=rust area=0.000187
rbfcorr_img3_jpg.rf.e8dbdbab58b94885a1092cb68abbd093.jpg,train,tiny_bbox,class=rust area=0.000217
rbfcorr_img3_jpg.rf.e8dbdbab58b94885a1092cb68abbd093.jpg,train,tiny_bbox,class=rust area=0.000216
rbfcorr_img3_jpg.rf.e8dbdbab58b94885a1092cb68abbd093.jpg,train,tiny_bbox,class=rust area=0.000611
rbfcorr_img3_jpg.rf.e8dbdbab58b94885a1092cb68abbd093.jpg,train,tiny_bbox,class=rust area=0.000490
rbfcorr_img3_jpg.rf.e8dbdbab58b94885a1092cb68abbd093.jpg,train,tiny_bbox,class=rust area=0.000274
rbfcorr_img3_jpg.rf.e8dbdbab58b94885a1092cb68abbd093.jpg,train,tiny_bbox,class=rust area=0.000743
rbfcorr_img3_jpg.rf.e8dbdbab58b94885a1092cb68abbd093.jpg,train,tiny_bbox,class=rust area=0.000214
rbfcorr_img3_jpg.rf.e8dbdbab58b94885a1092cb68abbd093.jpg,train,tiny_bbox,class=rust area=0.000576
rbfcorr_img41_jpg.rf.23a3b15f035305c9c64b879ff84c1dd1.jpg,train,tiny_bbox,class=rust area=0.000967
rbfcorr_img41_jpg.rf.23a3b15f035305c9c64b879ff84c1dd1.jpg,train,tiny_bbox,class=rust area=0.000760
rbfcorr_img41_jpg.rf.4ef20e5d88bbd73b4b0f786936fa19cb.jpg,train,tiny_bbox,class=rust area=0.000818
rbfcorr_img41_jpg.rf.4f4677a15d738af8d9ef6d0e920049ca.jpg,train,tiny_bbox,class=rust area=0.000930
rbfcorr_img50_jpg.rf.62f03bb276d5e5889b6906fea48477a5.jpg,train,tiny_bbox,class=rust area=0.000811
rbfcorr_img50_jpg.rf.7f13931fe4928d78157edf441232be68.jpg,train,tiny_bbox,class=rust area=0.000785
rbfcorr_img50_jpg.rf.b0d43ad7803333ee5031610a9529a32e.jpg,train,tiny_bbox,class=rust area=0.000810
rbfcorr_img51_jpg.rf.4f65d68a037af4c3b150ff9722cfd690.jpg,train,tiny_bbox,class=rust area=0.000198
rbfcorr_img51_jpg.rf.4f65d68a037af4c3b150ff9722cfd690.jpg,train,tiny_bbox,class=rust area=0.000338
rbfcorr_img51_jpg.rf.db65cb0643c903f73f0fc6fdf9823f30.jpg,train,tiny_bbox,class=rust area=0.000190
rbfcorr_img51_jpg.rf.db65cb0643c903f73f0fc6fdf9823f30.jpg,train,tiny_bbox,class=rust area=0.000376
rbfcorr_img51_jpg.rf.e0a55cf58a59abd9d826b3c6f6e45fe6.jpg,train,tiny_bbox,class=rust area=0.000214
rbfcorr_img51_jpg.rf.e0a55cf58a59abd9d826b3c6f6e45fe6.jpg,train,tiny_bbox,class=rust area=0.000527
rbfcorr_img52_jpg.rf.20984d6b7b1fc01ae3bd1696ea81523b.jpg,train,tiny_bbox,class=rust area=0.000720
rbfcorr_img52_jpg.rf.612d107998f10557f4ab521358ca1b9c.jpg,train,tiny_bbox,class=rust area=0.000720
rbfcorr_img55_jpg.rf.27099b8c0243231c041d345f9a1ca5dc.jpg,train,huge_bbox,class=rust area=0.8422
rbfcorr_img55_jpg.rf.b52b1de043cb2f951724dba8216dff2b.jpg,train,huge_bbox,class=rust area=0.8422
rbfcorr_img55_jpg.rf.e68e3c88266eaca9d57433d2dead0e5a.jpg,train,huge_bbox,class=rust area=0.8091
rbfcorr_img62_jpg.rf.8536492d1987a8afe3379433231b628e.jpg,train,tiny_bbox,class=rust area=0.000849
rbfcorr_img62_jpg.rf.af73e666f4423c79aa211c99974df8cf.jpg,train,tiny_bbox,class=rust area=0.000773
rbfcorr_img68_jpg.rf.c8f1b013c39fb004cad027fabd2b25b5.jpg,train,tiny_bbox,class=rust area=0.000902
rbfcorr_img7_jpg.rf.d2fcee3fd6342b9294777940a7aeb871.jpg,train,tiny_bbox,class=rust area=0.000953
rbfcorr_img8_jpg.rf.0bea906f3c0aa25c9a78882bea70a00b.jpg,train,huge_bbox,class=rust area=0.8888
rbfcorr_img8_jpg.rf.7b721a2f3f9b7357834a112e576f875d.jpg,train,huge_bbox,class=rust area=0.8624
rbfcorr_img8_jpg.rf.96b8ddeada7b7baa8d13731c6ea94017.jpg,train,huge_bbox,class=rust area=0.8767
rbfcorr_Kemplon-Pipe_jpg.rf.5c96af20e089757399ee9cf66c4c078f.jpg,train,huge_bbox,class=rust area=0.8746
rbfcorr_pexels-avak-ava-323521783-28602960_jpg.rf.991bb23aa4a695584d3f5672ce1ebaf0.jpg,train,huge_bbox,class=rust area=0.9969
rbfcorr_pexels-avak-ava-323521783-28602960_jpg.rf.c3847e1b2e7564779d473f5c32bc7905.jpg,train,huge_bbox,class=rust area=0.9969
rbfcorr_pexels-eg0r9-11541098_jpg.rf.8ca1ec2539847d75756bdfeddd6f559e.jpg,train,huge_bbox,class=rust area=0.9969
rbfcorr_pexels-eg0r9-11541098_jpg.rf.a262043bd03e9a936b1e95f48d7c7542.jpg,train,huge_bbox,class=rust area=0.9969
rbfcorr_pexels-eg0r9-11541098_jpg.rf.f4f15adff8ea916eb8445608179c3268.jpg,train,huge_bbox,class=rust area=0.9969
rbfcorr_pexels-laker-6156551_jpg.rf.cf05993e634e0358bfdf3c74fd7f5899.jpg,train,huge_bbox,class=rust area=0.9969
rbfcorr_pexels-mcgrif0115-7054217_jpg.rf.270b3fdc0e8d1109a753a3046d60007d.jpg,train,huge_bbox,class=rust area=0.9969
rbfcorr_Rusted-islands_jpg.rf.4581379f693b070745c152e9b983fefa.jpg,train,huge_bbox,class=rust area=0.9969
rbfcorr_Shadow-Rust_jpg.rf.369be54a4cdc4a137aac1fa251f55455.jpg,train,huge_bbox,class=rust area=0.9969
rbfcorr_stock-photo-fragments-of-old-large-water-pipes-after-many-years-of-operation-corroded-metal-pipe-destroyed-282324041_jpg.rf.d81f793ef98172cb5c89d259d19f9894.jpg,train,huge_bbox,class=rust area=0.8667
rbfcorr_Untitled-2-_jpg.rf.d7bf280cba0d9a5451eebb548814b3a3.jpg,train,huge_bbox,class=rust area=0.9969
rbfleak_13_jpg.rf.31f7975ca433e96b227aa2c315971c53.jpg,train,huge_bbox,class=leak area=0.8625
rbfleak_13_jpg.rf.a18b0d3bcad3fec35b2449e3c9b24ff3.jpg,train,huge_bbox,class=leak area=0.8625
rbfleak_13_jpg.rf.fb061f21158008b6fc962ddaf6318914.jpg,train,huge_bbox,class=leak area=0.8625
rbfoil1_USR_shadow_1243_fake_png.rf.4b24d09e481d04e0cbad1d2ae2331619.jpg,train,huge_bbox,class=leak area=0.8072
rbfoil1_USR_shadow_1243_fake_png.rf.974b79ff1c61ca8a4eb5caddb574be3d.jpg,train,huge_bbox,class=leak area=0.8072
rbfoil1_USR_shadow_1243_fake_png.rf.ded392a5a0619c53ca2f045dc8e7d366.jpg,train,huge_bbox,class=leak area=0.8072
rbfoil1_USR_shadow_1862_fake_png.rf.191a5db2ac8056ed2eee74b1e0422e51.jpg,train,huge_bbox,class=leak area=0.9017
rbfoil1_USR_shadow_1862_fake_png.rf.5c0eafec2faf1c041a13f608f1ee3fba.jpg,train,huge_bbox,class=leak area=0.9017
rbfoil1_USR_shadow_1862_fake_png.rf.6b327e3832f4ed9494f1da8a2bf9f093.jpg,train,huge_bbox,class=leak area=0.9017
rbfoil2_1-6-_jpg.rf.9f98cac0c983ec71f7275f7aae1c4513.jpg,train,huge_bbox,class=leak area=0.9354
rbfoil2_1-6-_jpg.rf.a6c87c0be33b878e8c3b1882c59b7c64.jpg,train,huge_bbox,class=leak area=0.9354
rbfoil2_1005_jpg.rf.00c943f1684105c7603679697805263b.jpg,train,tiny_bbox,class=leak area=0.000101
rbfoil2_1005_jpg.rf.1a9664dbb1d6144478972cbe9bad97c1.jpg,train,tiny_bbox,class=leak area=0.000101
rbfoil2_1010_jpg.rf.53b69eec2b901d4cf139ca2a6f08c386.jpg,train,tiny_bbox,class=leak area=0.000885
rbfoil2_1010_jpg.rf.75924a98274f69d9032a71cedbb41b60.jpg,train,tiny_bbox,class=leak area=0.000885
rbfoil2_1010_jpg.rf.902c2ced07327b10baa5e4002124f6a4.jpg,train,tiny_bbox,class=leak area=0.000885
rbfoil2_1010_jpg.rf.93c3539e81a5cca0b69baafc88ea70ba.jpg,train,tiny_bbox,class=leak area=0.000885
rbfoil2_1010_jpg.rf.a23c79880a8149e43ffbec42f4afea5a.jpg,train,tiny_bbox,class=leak area=0.000885
rbfoil2_1012_jpg.rf.672ec236247821abc91294583e23127a.jpg,train,tiny_bbox,class=leak area=0.000801
rbfoil2_1012_jpg.rf.6bc840139769f1698c2d35bf2ef76b77.jpg,train,tiny_bbox,class=leak area=0.000801
rbfoil2_1012_jpg.rf.738f3d2f6515b8762b173a611691d1e8.jpg,train,tiny_bbox,class=leak area=0.000801
rbfoil2_1012_jpg.rf.7a3765543d04b42a0356dbdcc5819cec.jpg,train,tiny_bbox,class=leak area=0.000801
rbfoil2_1012_jpg.rf.ba0ac5401f6dbda03864195820e30235.jpg,train,tiny_bbox,class=leak area=0.000801
rbfoil2_1012_jpg.rf.bca2d639ecc21c5bbc88ce29e74f65bd.jpg,train,tiny_bbox,class=leak area=0.000801
rbfoil2_1012_jpg.rf.d58bdb2f09b0091c3e54ff6a73e90605.jpg,train,tiny_bbox,class=leak area=0.000801
rbfoil2_1016_jpg.rf.82a952a5129367f5e4892a77d0b6975c.jpg,train,tiny_bbox,class=leak area=0.000714
rbfoil2_1016_jpg.rf.9fd2f78e00623797777db5aa32412c40.jpg,train,tiny_bbox,class=leak area=0.000714
rbfoil2_1016_jpg.rf.e71b58c9967d67f484ba165c54be7904.jpg,train,tiny_bbox,class=leak area=0.000714
rbfoil2_1017_jpg.rf.07cc5251ccbfbe45cdcc1a1c418dd59d.jpg,train,tiny_bbox,class=leak area=0.000646
rbfoil2_1017_jpg.rf.5aefd2d4c85b68e333298a8808326a59.jpg,train,tiny_bbox,class=leak area=0.000646
rbfoil2_1017_jpg.rf.9368dcc344b5b46866211812c6bc3504.jpg,train,tiny_bbox,class=leak area=0.000646
rbfoil2_1017_jpg.rf.b0e3b1d2caa649c7af85f961fda0065e.jpg,train,tiny_bbox,class=leak area=0.000646
rbfoil2_1018_jpg.rf.3090821c5eb412a74e2377c8578b8750.jpg,train,tiny_bbox,class=leak area=0.000751
rbfoil2_1018_jpg.rf.90296d00a9ad59f8d44754ea841ff8b0.jpg,train,tiny_bbox,class=leak area=0.000751
rbfoil2_1018_jpg.rf.eaabde0f4823a8b9ac3370235cfaa947.jpg,train,tiny_bbox,class=leak area=0.000751
rbfoil2_1019_jpg.rf.286add01c020a1ac1e193cfe64722c41.jpg,train,tiny_bbox,class=leak area=0.000651
rbfoil2_1019_jpg.rf.6cef519e91030eed84a7feec6a07e0c1.jpg,train,tiny_bbox,class=leak area=0.000651
rbfoil2_1019_jpg.rf.dd9d0c6e15d4b29203ff058441eac3be.jpg,train,tiny_bbox,class=leak area=0.000651
rbfoil2_1020_jpg.rf.4137e308578856fd2acc95055823ff8f.jpg,train,tiny_bbox,class=leak area=0.000667
rbfoil2_1020_jpg.rf.caa38df7e66acda0e1ba3c7adf8f61e7.jpg,train,tiny_bbox,class=leak area=0.000667
rbfoil2_12-3229658_jpg.rf.351de95b927382a899363879a74a4791.jpg,train,huge_bbox,class=leak area=0.9365
rbfoil2_12-3229658_jpg.rf.5a8521cfe98e1290c4178c580b9ce1d2.jpg,train,huge_bbox,class=leak area=0.9365
rbfoil2_12-3229658_jpg.rf.6f25565e828431deeff444a2f86ba848.jpg,train,huge_bbox,class=leak area=0.9365
rbfoil2_2021-08-11-14-46-pic_32ratio_900x600-900x600-87574_jpg.rf.1bc128bfe5ec4b4e5a5137915c9f473e.jpg,train,huge_bbox,class=leak area=0.8267
rbfoil2_2021-08-11-14-46-pic_32ratio_900x600-900x600-87574_jpg.rf.2755cf5104194ff3f88d4c3f1f7462f7.jpg,train,huge_bbox,class=leak area=0.8267
rbfoil2_2021-08-11-14-46-pic_32ratio_900x600-900x600-87574_jpg.rf.45cc6e9bb8a83ed5ecc4ebc1773178f4.jpg,train,huge_bbox,class=leak area=0.8281
rbfoil2_2021-08-11-14-46-pic_32ratio_900x600-900x600-87574_jpg.rf.51f2d66a90d7d90f89da1feeafe875b6.jpg,train,huge_bbox,class=leak area=0.8267
rbfoil2_2021-08-11-14-46-pic_32ratio_900x600-900x600-87574_jpg.rf.5b5e54f41c7249be58729589ab24a2d0.jpg,train,huge_bbox,class=leak area=0.8267
rbfoil2_2021-08-11-14-46-pic_32ratio_900x600-900x600-87574_jpg.rf.5b5fa9461bee03f1768d2d0213e5c17a.jpg,train,huge_bbox,class=leak area=0.8267
rbfoil2_2021-08-11-14-46-pic_32ratio_900x600-900x600-87574_jpg.rf.76afe93806d4eae292a6f4ac8017a4a1.jpg,train,huge_bbox,class=leak area=0.8267
rbfoil2_2021-08-11-14-46-pic_32ratio_900x600-900x600-87574_jpg.rf.92d68f351fc0d6c0e58e8e0d79b604e5.jpg,train,huge_bbox,class=leak area=0.8281
rbfoil2_2021-08-11-14-46-pic_32ratio_900x600-900x600-87574_jpg.rf.93e9027bf7ec6f6651235fe823d06b14.jpg,train,huge_bbox,class=leak area=0.8267
rbfoil2_2021-08-11-14-46-pic_32ratio_900x600-900x600-87574_jpg.rf.9e07f77a30a6fe885b423befb8fd5d84.jpg,train,huge_bbox,class=leak area=0.8281
rbfoil2_2021-08-11-14-46-pic_32ratio_900x600-900x600-87574_jpg.rf.ad41000708ba63148d63134ca8e8b4f7.jpg,train,huge_bbox,class=leak area=0.8281
rbfoil2_2021-08-11-14-46-pic_32ratio_900x600-900x600-87574_jpg.rf.b3cbc2b6a5893278d8c719d9a28ef2ae.jpg,train,huge_bbox,class=leak area=0.8281
rbfoil2_2021-08-11-14-46-pic_32ratio_900x600-900x600-87574_jpg.rf.cb17175de92b92ce34571b821f0cdbe8.jpg,train,huge_bbox,class=leak area=0.8267
rbfoil2_9c9cf8c86d88a0f62bf22ba6931467bd_jpg.rf.af5c373d67d50dd1ebc1342092b724a2.jpg,train,huge_bbox,class=leak area=0.9080
rbfoil2_9c9cf8c86d88a0f62bf22ba6931467bd_jpg.rf.cdd0bf965589969851600d8443681eb2.jpg,train,huge_bbox,class=leak area=0.9080
rbfoil2______thumb_fed_photo_jpg.rf.13e24e90e6732d829fcbcd118dfd7b7f.jpg,train,huge_bbox,class=leak area=0.8781
rbfoil2______thumb_fed_photo_jpg.rf.2a0f139bc41f5b88ab589461f174ef77.jpg,train,huge_bbox,class=leak area=0.9545
rbfoil2______thumb_fed_photo_jpg.rf.5db063c8dd496e108367ca4af114b560.jpg,train,huge_bbox,class=leak area=0.9545
rbfoil2______thumb_fed_photo_jpg.rf.6c0e1ec0502ee3234c09e7f9d8a87531.jpg,train,huge_bbox,class=leak area=0.8781
rbfoil2______thumb_fed_photo_jpg.rf.ac6fbe7e6e9939548e84718643444708.jpg,train,huge_bbox,class=leak area=0.8781
rbfoil2______thumb_fed_photo_jpg.rf.fd58a74febb6229ab9a3caa27a5ee194.jpg,train,huge_bbox,class=leak area=0.9545
rbfoil2_AUG_oil_spill00285_jpg.rf.32734895e57c64138e735d4b14fd13b5.jpg,train,huge_bbox,class=leak area=0.8909
rbfoil2_AUG_oil_spill00285_jpg.rf.926359f904532a786a3ab016a51013f2.jpg,train,huge_bbox,class=leak area=0.8909
rbfoil2_AUG_oil_spill00285_jpg.rf.a0e76f2c7dc0423f6a691a696de118fb.jpg,train,huge_bbox,class=leak area=0.8909
rbfoil2_gasoline-spill-ocean-260nw-8788099_jpg.rf.60765f988d79ddc42699564b7572782b.jpg,train,huge_bbox,class=leak area=0.9232
rbfoil2_gasoline-spill-ocean-260nw-8788099_jpg.rf.aca2d0b2dd26c6944c016d794443d6f5.jpg,train,huge_bbox,class=leak area=0.9232
rbfoil2_gasoline-spill-ocean-260nw-8788099_jpg.rf.d6b59c508be2ace54f4d2e2121faf4f7.jpg,train,huge_bbox,class=leak area=0.9232
rbfoil2_HNLIKesm0Pp9ip0IWqCj4A_jpg.rf.53249af79de832b8596c355bb3c96e0e.jpg,train,huge_bbox,class=leak area=0.9259
rbfoil2_HNLIKesm0Pp9ip0IWqCj4A_jpg.rf.5a0d1bc809c08efd5b35abebc46ea588.jpg,train,huge_bbox,class=leak area=0.9221
rbfoil2_HNLIKesm0Pp9ip0IWqCj4A_jpg.rf.6ee2de96b8589702c847a3ff228f97d6.jpg,train,huge_bbox,class=leak area=0.9259
rbfoil2_HNLIKesm0Pp9ip0IWqCj4A_jpg.rf.70dc528990a4519af252f9a16d7f8f39.jpg,train,huge_bbox,class=leak area=0.9259
rbfoil2_HNLIKesm0Pp9ip0IWqCj4A_jpg.rf.ac09c0238a231a3eb433ec61d546a9d1.jpg,train,huge_bbox,class=leak area=0.9221
rbfoil2_HNLIKesm0Pp9ip0IWqCj4A_jpg.rf.c06dbde5b919cd0c31a5fd8665426c2c.jpg,train,huge_bbox,class=leak area=0.9259
rbfoil2_HNLIKesm0Pp9ip0IWqCj4A_jpg.rf.ea7d3c62522bef4578f1ee28e89b8889.jpg,train,huge_bbox,class=leak area=0.9259
rbfoil2_HNLIKesm0Pp9ip0IWqCj4A_jpg.rf.fb8b6b232d2b739e670c1efcc8c8e970.jpg,train,huge_bbox,class=leak area=0.9221
rbfoil2_img-70-_jpg.rf.56c4c0f37d50f20978c15060096dd93e.jpg,train,huge_bbox,class=leak area=0.9880
rbfoil2_img-70-_jpg.rf.c77b186568477d6cce89aa68856f30ed.jpg,train,huge_bbox,class=leak area=0.9880
rbfoil2_img-70-_jpg.rf.dacee280c1bf64100eea4a264112ca3e.jpg,train,huge_bbox,class=leak area=0.9880
rbfoil2_Oil-Slick-in-the-Gulf-of-Mexico_jpg.rf.0b8bb7eb69fa636e92206a9d82f3050e.jpg,train,huge_bbox,class=leak area=0.8065
rbfoil2_Oil-Slick-in-the-Gulf-of-Mexico_jpg.rf.0c6effa557550e48f027ec6d7181347a.jpg,train,huge_bbox,class=leak area=0.8065
rbfoil2_Oil-Slick-in-the-Gulf-of-Mexico_jpg.rf.2b78ba6102765e97fd785671b5269c79.jpg,train,huge_bbox,class=leak area=0.8017
rbfoil2_Oil-Slick-in-the-Gulf-of-Mexico_jpg.rf.5287784bf1e52482be6ec119763cb0ab.jpg,train,huge_bbox,class=leak area=0.8065
rbfoil2_Oil-Slick-in-the-Gulf-of-Mexico_jpg.rf.5db2f187549e2cc0f548e0197e4d3507.jpg,train,huge_bbox,class=leak area=0.8065
rbfoil2_Oil-Slick-in-the-Gulf-of-Mexico_jpg.rf.85442eb1787aa25aa04683b052c70677.jpg,train,huge_bbox,class=leak area=0.8065
rbfoil2_Oil-Slick-in-the-Gulf-of-Mexico_jpg.rf.985767f773373bb72589ec4727a7da86.jpg,train,huge_bbox,class=leak area=0.8065
rbfoil2_Oil-Slick-in-the-Gulf-of-Mexico_jpg.rf.bc4c6eca1d96ad89016b24fa8994607e.jpg,train,huge_bbox,class=leak area=0.8065
rbfoil2_Oil-Slick-in-the-Gulf-of-Mexico_jpg.rf.c4930c6d044be09f159abaddab6d20d6.jpg,train,huge_bbox,class=leak area=0.8065
rbfoil2_Oil-Slick-in-the-Gulf-of-Mexico_jpg.rf.e27d4d09395b9712b8d61a7862bb78d7.jpg,train,huge_bbox,class=leak area=0.8065
rbfoil2_oil-spill-3_jpg.rf.eb61fb1d839907a097b722ef0a2b8dde.jpg,train,huge_bbox,class=leak area=0.8403
rbfoil2_spill6_jpg.rf.cff3b1bd7c061291513c08cc333e81e0.jpg,train,huge_bbox,class=leak area=0.9349
rbfoil2_spill8_jpg.rf.2bddd433cdb30610661bf0f8feeed7c0.jpg,train,huge_bbox,class=leak area=0.9967
rbfoil2_spill8_jpg.rf.643d6cd13f01837804727372f218501e.jpg,train,huge_bbox,class=leak area=0.9967
rbfoil2_spill8_jpg.rf.a3140bcf292d5dc2d89b6a4870ea0eb9.jpg,train,huge_bbox,class=leak area=0.9967
rbfoil2_Train1-149-_jpg.rf.21093d063231fee85238c94d0b0bb7b8.jpg,train,huge_bbox,class=leak area=0.9496
rbfoil2_Train1-149-_jpg.rf.9dd3939f15185cf6e1a5b84ffa21ec29.jpg,train,huge_bbox,class=leak area=0.9496
rbfoil2_Train1-151-_jpg.rf.9584b910221c52428b3d4d9957633acd.jpg,train,huge_bbox,class=leak area=0.9936
rbfoil2_Train1-151-_jpg.rf.de3f99e7434f3896f1910808396b0862.jpg,train,huge_bbox,class=leak area=0.9936
rbfoil2_Train1-152-_jpg.rf.2bda9ec7c202a0e70f53b40fc7ef12b6.jpg,train,huge_bbox,class=leak area=0.9135
rbfoil2_Train1-152-_jpg.rf.b22c5edfb6d68f92789ae955546572a2.jpg,train,huge_bbox,class=leak area=0.9135
rbfoil2_Train1-156-_jpg.rf.06ee1d8c4d3c88ea328be095192e47e5.jpg,train,huge_bbox,class=leak area=0.9803
rbfoil2_Train1-156-_jpg.rf.14af7fb7589bfdebdf7da4381cd9d04c.jpg,train,huge_bbox,class=leak area=0.9803
rbfoil2_Train1-156-_jpg.rf.2e1303fd2f77c0974955f07fbec3c1b6.jpg,train,huge_bbox,class=leak area=0.9803
rbfoil2_Train1-156-_jpg.rf.3f5aa4b2ba1a989f26e1b763721ebf87.jpg,train,huge_bbox,class=leak area=0.9803
rbfoil2_Train1-156-_jpg.rf.6a3fbe8b4c73650e0951a5d104ba6884.jpg,train,huge_bbox,class=leak area=0.9803
rbfoil2_Train1-156-_jpg.rf.ba957c9ebd441f19e6fec9967c52ac42.jpg,train,huge_bbox,class=leak area=0.9803
rbfoil2_Train1-184-_jpg.rf.1638ee067141dc5d95149446d2c81474.jpg,train,huge_bbox,class=leak area=0.9819
rbfoil2_Train1-312-_jpg.rf.9a8b4f5b345b1ac601baaac612feca89.jpg,train,huge_bbox,class=leak area=0.8847
rbfoil2_Train1-312-_jpg.rf.b27e4307cbf041bd035a5b7fa5d18c07.jpg,train,huge_bbox,class=leak area=0.8847
rbfoil2_Train1-312-_jpg.rf.b3c10bc65f06d392059d2404cb22a25a.jpg,train,huge_bbox,class=leak area=0.8847
rbfoil2_Train1-312-_jpg.rf.bd919b26ac2b3e80899e644ed8e9f453.jpg,train,huge_bbox,class=leak area=0.8847
rbfoil2_Train1-64-_jpg.rf.7c2e7fa6fc3e767f60a972a23241add0.jpg,train,huge_bbox,class=leak area=0.9099
rbfoil2_Train1-66-_jpg.rf.268b85d400a63513d9b6a1c35872d6d8.jpg,train,huge_bbox,class=leak area=0.9195
rbfoil2_Train1-66-_jpg.rf.3e828abeb10134f8792d38224d1d9765.jpg,train,huge_bbox,class=leak area=0.9195
rbfoil2_Train1-66-_jpg.rf.864782b2609540a18755bb428ec55cd7.jpg,train,huge_bbox,class=leak area=0.9195
rbfoil2_Train1-66-_jpg.rf.cdac6c1ab65a6ea6dae46a62c5bab948.jpg,train,huge_bbox,class=leak area=0.9195
rbfoil2_Train1-66-_jpg.rf.d57291159a64a8549210437b230c25d6.jpg,train,huge_bbox,class=leak area=0.9195
rbfoil2_Train1-95-_jpg.rf.4a4a0cd74c755f1e51ef842fb95334bb.jpg,train,huge_bbox,class=leak area=0.8804
rbfoil2_train3-62-_jpg.rf.2c500fb21292e36b7bc082c4f91e9489.jpg,train,huge_bbox,class=leak area=0.8691
rbfoil2_train3-62-_jpg.rf.77b4fc5c6c88c40683c084a8cd883052.jpg,train,huge_bbox,class=leak area=0.8691
rbfoil2_train3-62-_jpg.rf.ac5e22d42dc1fdb387d9ef7b20f90b7a.jpg,train,huge_bbox,class=leak area=0.8691
rbfoil2_train3-62-_jpg.rf.b99c9f9155e939c0a25cc9d5464a7141.jpg,train,huge_bbox,class=leak area=0.8691
rbfoil2_train3-88-_jpg.rf.0dc777633d137ba1ee57a2df8d3322d6.jpg,train,huge_bbox,class=leak area=0.8005
rbfoil2_train3-88-_jpg.rf.14d8a766d33e0a0d75a090a749309fdd.jpg,train,huge_bbox,class=leak area=0.8005
rbfoil2_train3-88-_jpg.rf.264bad57cd4c4bca2d173310bb3a0886.jpg,train,huge_bbox,class=leak area=0.8005
rbfoil2_train3-88-_jpg.rf.7587b9d42967f3992cbde61db8ca0c8c.jpg,train,huge_bbox,class=leak area=0.8005
rbfoil2_train3-88-_jpg.rf.769048bad1aa0f1a26b20993b0948ba7.jpg,train,huge_bbox,class=leak area=0.8005
rbfpipe_000351_jpg.rf.47fc0853e67bbfb3d63dd2b68eaf35cd.jpg,train,tiny_bbox,class=rust area=0.000762
rbfpipe_000351_jpg.rf.47fc0853e67bbfb3d63dd2b68eaf35cd.jpg,train,tiny_bbox,class=rust area=0.000718
rbfpipe_000351_jpg.rf.47fc0853e67bbfb3d63dd2b68eaf35cd.jpg,train,tiny_bbox,class=rust area=0.000385
rbfpipe_000351_jpg.rf.47fc0853e67bbfb3d63dd2b68eaf35cd.jpg,train,tiny_bbox,class=rust area=0.000416
rbfpipe_000351_jpg.rf.47fc0853e67bbfb3d63dd2b68eaf35cd.jpg,train,tiny_bbox,class=rust area=0.000787
rbfpipe_000351_jpg.rf.47fc0853e67bbfb3d63dd2b68eaf35cd.jpg,train,tiny_bbox,class=rust area=0.000244
rbfpipe_000351_jpg.rf.47fc0853e67bbfb3d63dd2b68eaf35cd.jpg,train,tiny_bbox,class=rust area=0.000824
rbfpipe_009043683301773_png.rf.a87d1cd68db8d4fc39b7103550522e79.jpg,train,tiny_bbox,class=rust area=0.000715
rbfpipe_009043683301773_png.rf.a87d1cd68db8d4fc39b7103550522e79.jpg,train,tiny_bbox,class=rust area=0.000325
rbfpipe_009133683301782_png.rf.f7287d2d0d6ccb765a899667e5e79496.jpg,train,tiny_bbox,class=rust area=0.000413
rbfpipe_009133683301782_png.rf.f7287d2d0d6ccb765a899667e5e79496.jpg,train,tiny_bbox,class=rust area=0.000059
rbfpipe_009223683301791_png.rf.d6c2ea4f9ca28ac5502202a253ace6dc.jpg,train,tiny_bbox,class=rust area=0.000103
rbfpipe_01622-2899432482-little-area-Irregular-block-of-corrosion-Clear-border-realistic-masterpiece-best-quality-single-background-simple-bac_png.rf.619f733339eede15f0d149235796db58.jpg,train,tiny_bbox,class=rust area=0.000300
rbfpipe_01626-2899432486-little-area-Irregular-block-of-corrosion-Clear-border-realistic-masterpiece-best-quality-single-background-simple-bac_png.rf.d56ae04184bbfac20c353e53f4652fd5.jpg,train,tiny_bbox,class=rust area=0.000744
rbfpipe_01626-2899432486-little-area-Irregular-block-of-corrosion-Clear-border-realistic-masterpiece-best-quality-single-background-simple-bac_png.rf.d56ae04184bbfac20c353e53f4652fd5.jpg,train,tiny_bbox,class=rust area=0.000441
rbfpipe_01626-2899432486-little-area-Irregular-block-of-corrosion-Clear-border-realistic-masterpiece-best-quality-single-background-simple-bac_png.rf.d56ae04184bbfac20c353e53f4652fd5.jpg,train,tiny_bbox,class=rust area=0.000086
rbfpipe_01685-3452288715-little-corrosion-spot-Clear-border-realistic-masterpiece-best-quality-single-background-simple-background-_png.rf.160b3fa2ddf479887b63543ccb5be77d.jpg,train,huge_bbox,class=rust area=0.8927
rbfpipe_01699-3452288729-little-corrosion-spot-Clear-border-realistic-masterpiece-best-quality-single-background-simple-background-_png.rf.33ac3fcb0af9ec72ba0cb9ea85125892.jpg,train,tiny_bbox,class=rust area=0.000254
rbfpipe_01699-3452288729-little-corrosion-spot-Clear-border-realistic-masterpiece-best-quality-single-background-simple-background-_png.rf.33ac3fcb0af9ec72ba0cb9ea85125892.jpg,train,tiny_bbox,class=rust area=0.000223
rbfpipe_01703-3452288733-little-corrosion-spot-Clear-border-realistic-masterpiece-best-quality-single-background-simple-background-_png.rf.42b614e0f0059c1bd789981d226edced.jpg,train,tiny_bbox,class=rust area=0.000399
rbfpipe_01703-3452288733-little-corrosion-spot-Clear-border-realistic-masterpiece-best-quality-single-background-simple-background-_png.rf.42b614e0f0059c1bd789981d226edced.jpg,train,tiny_bbox,class=rust area=0.000285
rbfpipe_01703-3452288733-little-corrosion-spot-Clear-border-realistic-masterpiece-best-quality-single-background-simple-background-_png.rf.42b614e0f0059c1bd789981d226edced.jpg,train,tiny_bbox,class=rust area=0.000473
rbfpipe_01712-3452288742-little-corrosion-spot-Clear-border-realistic-masterpiece-best-quality-single-background-simple-background-_png.rf.e4330aaa6698d1fed64aa530ace7e32e.jpg,train,tiny_bbox,class=rust area=0.000841
rbfpipe_01737-3452288767-little-corrosion-spot-Clear-border-realistic-masterpiece-best-quality-single-background-simple-background-_png.rf.1071403f1bb383c0dbcee8a1deb1d32b.jpg,train,tiny_bbox,class=rust area=0.000114
rbfpipe_01737-3452288767-little-corrosion-spot-Clear-border-realistic-masterpiece-best-quality-single-background-simple-background-_png.rf.1071403f1bb383c0dbcee8a1deb1d32b.jpg,train,tiny_bbox,class=rust area=0.000477
rbfpipe_01737-3452288767-little-corrosion-spot-Clear-border-realistic-masterpiece-best-quality-single-background-simple-background-_png.rf.1071403f1bb383c0dbcee8a1deb1d32b.jpg,train,tiny_bbox,class=rust area=0.000687
rbfpipe_01737-3452288767-little-corrosion-spot-Clear-border-realistic-masterpiece-best-quality-single-background-simple-background-_png.rf.1071403f1bb383c0dbcee8a1deb1d32b.jpg,train,tiny_bbox,class=rust area=0.000310
rbfpipe_01782-891925023-little-corrosion-spot-Clear-border-realistic-masterpiece-best-quality-single-background-simple-background-_png.rf.dc93ebddb864d7e4371648ebd5c53f58.jpg,train,tiny_bbox,class=rust area=0.000870
rbfpipe_01782-891925023-little-corrosion-spot-Clear-border-realistic-masterpiece-best-quality-single-background-simple-background-_png.rf.dc93ebddb864d7e4371648ebd5c53f58.jpg,train,tiny_bbox,class=rust area=0.000038
rbfpipe_01782-891925023-little-corrosion-spot-Clear-border-realistic-masterpiece-best-quality-single-background-simple-background-_png.rf.dc93ebddb864d7e4371648ebd5c53f58.jpg,train,tiny_bbox,class=rust area=0.000429
rbfpipe_01782-891925023-little-corrosion-spot-Clear-border-realistic-masterpiece-best-quality-single-background-simple-background-_png.rf.dc93ebddb864d7e4371648ebd5c53f58.jpg,train,tiny_bbox,class=rust area=0.000320
rbfpipe_01782-891925023-little-corrosion-spot-Clear-border-realistic-masterpiece-best-quality-single-background-simple-background-_png.rf.dc93ebddb864d7e4371648ebd5c53f58.jpg,train,tiny_bbox,class=rust area=0.000344
rbfpipe_01782-891925023-little-corrosion-spot-Clear-border-realistic-masterpiece-best-quality-single-background-simple-background-_png.rf.dc93ebddb864d7e4371648ebd5c53f58.jpg,train,tiny_bbox,class=rust area=0.000257
rbfpipe_01782-891925023-little-corrosion-spot-Clear-border-realistic-masterpiece-best-quality-single-background-simple-background-_png.rf.dc93ebddb864d7e4371648ebd5c53f58.jpg,train,tiny_bbox,class=rust area=0.000908
rbfpipe_01782-891925023-little-corrosion-spot-Clear-border-realistic-masterpiece-best-quality-single-background-simple-background-_png.rf.dc93ebddb864d7e4371648ebd5c53f58.jpg,train,tiny_bbox,class=rust area=0.000584
rbfpipe_01785-891925026-little-corrosion-spot-Clear-border-realistic-masterpiece-best-quality-single-background-simple-background-_png.rf.97ad323128723d3adc5109a33992cb9f.jpg,train,tiny_bbox,class=rust area=0.000053
rbfpipe_01785-891925026-little-corrosion-spot-Clear-border-realistic-masterpiece-best-quality-single-background-simple-background-_png.rf.97ad323128723d3adc5109a33992cb9f.jpg,train,tiny_bbox,class=rust area=0.000120
rbfpipe_01785-891925026-little-corrosion-spot-Clear-border-realistic-masterpiece-best-quality-single-background-simple-background-_png.rf.97ad323128723d3adc5109a33992cb9f.jpg,train,tiny_bbox,class=rust area=0.000214
rbfpipe_01785-891925026-little-corrosion-spot-Clear-border-realistic-masterpiece-best-quality-single-background-simple-background-_png.rf.97ad323128723d3adc5109a33992cb9f.jpg,train,tiny_bbox,class=rust area=0.000047
rbfpipe_01785-891925026-little-corrosion-spot-Clear-border-realistic-masterpiece-best-quality-single-background-simple-background-_png.rf.97ad323128723d3adc5109a33992cb9f.jpg,train,tiny_bbox,class=rust area=0.000168
rbfpipe_01785-891925026-little-corrosion-spot-Clear-border-realistic-masterpiece-best-quality-single-background-simple-background-_png.rf.97ad323128723d3adc5109a33992cb9f.jpg,train,tiny_bbox,class=rust area=0.000421
rbfpipe_01785-891925026-little-corrosion-spot-Clear-border-realistic-masterpiece-best-quality-single-background-simple-background-_png.rf.97ad323128723d3adc5109a33992cb9f.jpg,train,tiny_bbox,class=rust area=0.000069
rbfpipe_01785-891925026-little-corrosion-spot-Clear-border-realistic-masterpiece-best-quality-single-background-simple-background-_png.rf.97ad323128723d3adc5109a33992cb9f.jpg,train,tiny_bbox,class=rust area=0.000095
rbfpipe_01785-891925026-little-corrosion-spot-Clear-border-realistic-masterpiece-best-quality-single-background-simple-background-_png.rf.97ad323128723d3adc5109a33992cb9f.jpg,train,tiny_bbox,class=rust area=0.000019
rbfpipe_01785-891925026-little-corrosion-spot-Clear-border-realistic-masterpiece-best-quality-single-background-simple-background-_png.rf.97ad323128723d3adc5109a33992cb9f.jpg,train,tiny_bbox,class=rust area=0.000664
rbfpipe_01785-891925026-little-corrosion-spot-Clear-border-realistic-masterpiece-best-quality-single-background-simple-background-_png.rf.97ad323128723d3adc5109a33992cb9f.jpg,train,tiny_bbox,class=rust area=0.000073
rbfpipe_01788-891925029-little-corrosion-spot-Clear-border-realistic-masterpiece-best-quality-single-background-simple-background-_png.rf.1de04423082e45a71c26acd73b1f002a.jpg,train,tiny_bbox,class=rust area=0.000601
rbfpipe_01788-891925029-little-corrosion-spot-Clear-border-realistic-masterpiece-best-quality-single-background-simple-background-_png.rf.1de04423082e45a71c26acd73b1f002a.jpg,train,tiny_bbox,class=rust area=0.000591
rbfpipe_01795-891925036-little-corrosion-spot-Clear-border-realistic-masterpiece-best-quality-single-background-simple-background-_png.rf.bfd96f12da4818108b027e08914b8cd2.jpg,train,tiny_bbox,class=rust area=0.000305
rbfpipe_01799-891925040-little-corrosion-spot-Clear-border-realistic-masterpiece-best-quality-single-background-simple-background-_png.rf.bca0e5a62459e0491ec72ff4b43fa563.jpg,train,tiny_bbox,class=rust area=0.000471
rbfpipe_01810-891925051-little-corrosion-spot-Clear-border-realistic-masterpiece-best-quality-single-background-simple-background-_png.rf.8bd208fa197f81af47e0d429e0cfa122.jpg,train,tiny_bbox,class=rust area=0.000347
rbfpipe_01813-891925054-little-corrosion-spot-Clear-border-realistic-masterpiece-best-quality-single-background-simple-background-_png.rf.8072b3288053a4d2897f9bb0fd3db409.jpg,train,tiny_bbox,class=rust area=0.000214
rbfpipe_02144-2913940928-big-corrosion-spot-Clear-border-realistic-masterpiece-best-quality-single-background-simple-background-_png.rf.6af5b39d19d87008190e94bbeb797fc3.jpg,train,tiny_bbox,class=rust area=0.000415
rbfpipe_02144-2913940928-big-corrosion-spot-Clear-border-realistic-masterpiece-best-quality-single-background-simple-background-_png.rf.6af5b39d19d87008190e94bbeb797fc3.jpg,train,tiny_bbox,class=rust area=0.000315
rbfpipe_02144-2913940928-big-corrosion-spot-Clear-border-realistic-masterpiece-best-quality-single-background-simple-background-_png.rf.6af5b39d19d87008190e94bbeb797fc3.jpg,train,tiny_bbox,class=rust area=0.000183
rbfpipe_02144-2913940928-big-corrosion-spot-Clear-border-realistic-masterpiece-best-quality-single-background-simple-background-_png.rf.6af5b39d19d87008190e94bbeb797fc3.jpg,train,tiny_bbox,class=rust area=0.000294
rbfpipe_02144-2913940928-big-corrosion-spot-Clear-border-realistic-masterpiece-best-quality-single-background-simple-background-_png.rf.6af5b39d19d87008190e94bbeb797fc3.jpg,train,tiny_bbox,class=rust area=0.000076
rbfpipe_02144-2913940928-big-corrosion-spot-Clear-border-realistic-masterpiece-best-quality-single-background-simple-background-_png.rf.6af5b39d19d87008190e94bbeb797fc3.jpg,train,tiny_bbox,class=rust area=0.000300
rbfpipe_02144-2913940928-big-corrosion-spot-Clear-border-realistic-masterpiece-best-quality-single-background-simple-background-_png.rf.6af5b39d19d87008190e94bbeb797fc3.jpg,train,tiny_bbox,class=rust area=0.000292
rbfpipe_02144-2913940928-big-corrosion-spot-Clear-border-realistic-masterpiece-best-quality-single-background-simple-background-_png.rf.6af5b39d19d87008190e94bbeb797fc3.jpg,train,tiny_bbox,class=rust area=0.000386
rbfpipe_02144-2913940928-big-corrosion-spot-Clear-border-realistic-masterpiece-best-quality-single-background-simple-background-_png.rf.6af5b39d19d87008190e94bbeb797fc3.jpg,train,tiny_bbox,class=rust area=0.000373
rbfpipe_02144-2913940928-big-corrosion-spot-Clear-border-realistic-masterpiece-best-quality-single-background-simple-background-_png.rf.6af5b39d19d87008190e94bbeb797fc3.jpg,train,tiny_bbox,class=rust area=0.000755
rbfpipe_02144-2913940928-big-corrosion-spot-Clear-border-realistic-masterpiece-best-quality-single-background-simple-background-_png.rf.6af5b39d19d87008190e94bbeb797fc3.jpg,train,tiny_bbox,class=rust area=0.000707
rbfpipe_02144-2913940928-big-corrosion-spot-Clear-border-realistic-masterpiece-best-quality-single-background-simple-background-_png.rf.6af5b39d19d87008190e94bbeb797fc3.jpg,train,tiny_bbox,class=rust area=0.000458
rbfpipe_02144-2913940928-big-corrosion-spot-Clear-border-realistic-masterpiece-best-quality-single-background-simple-background-_png.rf.6af5b39d19d87008190e94bbeb797fc3.jpg,train,tiny_bbox,class=rust area=0.000200
rbfpipe_02155-2913940935-big-corrosion-spot-Clear-border-realistic-masterpiece-best-quality-single-background-simple-background-_png.rf.367a50235897c9d7b87d202ed0744377.jpg,train,tiny_bbox,class=rust area=0.000881
rbfpipe_02155-2913940935-big-corrosion-spot-Clear-border-realistic-masterpiece-best-quality-single-background-simple-background-_png.rf.367a50235897c9d7b87d202ed0744377.jpg,train,tiny_bbox,class=rust area=0.000343
rbfpipe_02155-2913940935-big-corrosion-spot-Clear-border-realistic-masterpiece-best-quality-single-background-simple-background-_png.rf.367a50235897c9d7b87d202ed0744377.jpg,train,tiny_bbox,class=rust area=0.000326
rbfpipe_02156-2913940936-big-corrosion-spot-Clear-border-realistic-masterpiece-best-quality-single-background-simple-background-_png.rf.6d006bbff62ccb73bc7dc6efaf5ee767.jpg,train,tiny_bbox,class=rust area=0.000417
rbfpipe_02156-2913940936-big-corrosion-spot-Clear-border-realistic-masterpiece-best-quality-single-background-simple-background-_png.rf.6d006bbff62ccb73bc7dc6efaf5ee767.jpg,train,tiny_bbox,class=rust area=0.000186
rbfpipe_02156-2913940936-big-corrosion-spot-Clear-border-realistic-masterpiece-best-quality-single-background-simple-background-_png.rf.6d006bbff62ccb73bc7dc6efaf5ee767.jpg,train,tiny_bbox,class=rust area=0.000161
rbfpipe_02156-2913940936-big-corrosion-spot-Clear-border-realistic-masterpiece-best-quality-single-background-simple-background-_png.rf.6d006bbff62ccb73bc7dc6efaf5ee767.jpg,train,tiny_bbox,class=rust area=0.000439
rbfpipe_02156-2913940936-big-corrosion-spot-Clear-border-realistic-masterpiece-best-quality-single-background-simple-background-_png.rf.6d006bbff62ccb73bc7dc6efaf5ee767.jpg,train,tiny_bbox,class=rust area=0.000244
rbfpipe_02156-2913940936-big-corrosion-spot-Clear-border-realistic-masterpiece-best-quality-single-background-simple-background-_png.rf.6d006bbff62ccb73bc7dc6efaf5ee767.jpg,train,tiny_bbox,class=rust area=0.000137
rbfpipe_02156-2913940936-big-corrosion-spot-Clear-border-realistic-masterpiece-best-quality-single-background-simple-background-_png.rf.6d006bbff62ccb73bc7dc6efaf5ee767.jpg,train,tiny_bbox,class=rust area=0.000200
rbfpipe_02156-2913940936-big-corrosion-spot-Clear-border-realistic-masterpiece-best-quality-single-background-simple-background-_png.rf.6d006bbff62ccb73bc7dc6efaf5ee767.jpg,train,tiny_bbox,class=rust area=0.000186
rbfpipe_02156-2913940936-big-corrosion-spot-Clear-border-realistic-masterpiece-best-quality-single-background-simple-background-_png.rf.6d006bbff62ccb73bc7dc6efaf5ee767.jpg,train,tiny_bbox,class=rust area=0.000381
rbfpipe_02156-2913940936-big-corrosion-spot-Clear-border-realistic-masterpiece-best-quality-single-background-simple-background-_png.rf.6d006bbff62ccb73bc7dc6efaf5ee767.jpg,train,tiny_bbox,class=rust area=0.000244
rbfpipe_02156-2913940936-big-corrosion-spot-Clear-border-realistic-masterpiece-best-quality-single-background-simple-background-_png.rf.6d006bbff62ccb73bc7dc6efaf5ee767.jpg,train,tiny_bbox,class=rust area=0.000551
rbfpipe_02156-2913940936-big-corrosion-spot-Clear-border-realistic-masterpiece-best-quality-single-background-simple-background-_png.rf.6d006bbff62ccb73bc7dc6efaf5ee767.jpg,train,tiny_bbox,class=rust area=0.000515
rbfpipe_02156-2913940936-big-corrosion-spot-Clear-border-realistic-masterpiece-best-quality-single-background-simple-background-_png.rf.6d006bbff62ccb73bc7dc6efaf5ee767.jpg,train,tiny_bbox,class=rust area=0.000298
rbfpipe_02156-2913940936-big-corrosion-spot-Clear-border-realistic-masterpiece-best-quality-single-background-simple-background-_png.rf.6d006bbff62ccb73bc7dc6efaf5ee767.jpg,train,tiny_bbox,class=rust area=0.000210
rbfpipe_02156-2913940936-big-corrosion-spot-Clear-border-realistic-masterpiece-best-quality-single-background-simple-background-_png.rf.6d006bbff62ccb73bc7dc6efaf5ee767.jpg,train,tiny_bbox,class=rust area=0.000217
rbfpipe_02156-2913940936-big-corrosion-spot-Clear-border-realistic-masterpiece-best-quality-single-background-simple-background-_png.rf.6d006bbff62ccb73bc7dc6efaf5ee767.jpg,train,tiny_bbox,class=rust area=0.000409
rbfpipe_02156-2913940936-big-corrosion-spot-Clear-border-realistic-masterpiece-best-quality-single-background-simple-background-_png.rf.6d006bbff62ccb73bc7dc6efaf5ee767.jpg,train,tiny_bbox,class=rust area=0.000236
rbfpipe_02156-2913940936-big-corrosion-spot-Clear-border-realistic-masterpiece-best-quality-single-background-simple-background-_png.rf.6d006bbff62ccb73bc7dc6efaf5ee767.jpg,train,tiny_bbox,class=rust area=0.000360
rbfpipe_02156-2913940936-big-corrosion-spot-Clear-border-realistic-masterpiece-best-quality-single-background-simple-background-_png.rf.6d006bbff62ccb73bc7dc6efaf5ee767.jpg,train,tiny_bbox,class=rust area=0.000115
rbfpipe_02156-2913940936-big-corrosion-spot-Clear-border-realistic-masterpiece-best-quality-single-background-simple-background-_png.rf.6d006bbff62ccb73bc7dc6efaf5ee767.jpg,train,tiny_bbox,class=rust area=0.000272
rbfpipe_02156-2913940936-big-corrosion-spot-Clear-border-realistic-masterpiece-best-quality-single-background-simple-background-_png.rf.6d006bbff62ccb73bc7dc6efaf5ee767.jpg,train,tiny_bbox,class=rust area=0.000137
rbfpipe_02165-2913940942-big-corrosion-spot-Clear-border-realistic-masterpiece-best-quality-single-background-simple-background-_png.rf.d0e9af739107712e0741707db8de3704.jpg,train,tiny_bbox,class=rust area=0.000178
rbfpipe_02165-2913940942-big-corrosion-spot-Clear-border-realistic-masterpiece-best-quality-single-background-simple-background-_png.rf.d0e9af739107712e0741707db8de3704.jpg,train,tiny_bbox,class=rust area=0.000847
rbfpipe_02165-2913940942-big-corrosion-spot-Clear-border-realistic-masterpiece-best-quality-single-background-simple-background-_png.rf.d0e9af739107712e0741707db8de3704.jpg,train,tiny_bbox,class=rust area=0.000034
rbfpipe_02165-2913940942-big-corrosion-spot-Clear-border-realistic-masterpiece-best-quality-single-background-simple-background-_png.rf.d0e9af739107712e0741707db8de3704.jpg,train,tiny_bbox,class=rust area=0.000034
rbfpipe_02165-2913940942-big-corrosion-spot-Clear-border-realistic-masterpiece-best-quality-single-background-simple-background-_png.rf.d0e9af739107712e0741707db8de3704.jpg,train,tiny_bbox,class=rust area=0.000011
rbfpipe_02165-2913940942-big-corrosion-spot-Clear-border-realistic-masterpiece-best-quality-single-background-simple-background-_png.rf.d0e9af739107712e0741707db8de3704.jpg,train,tiny_bbox,class=rust area=0.000167
rbfpipe_02165-2913940942-big-corrosion-spot-Clear-border-realistic-masterpiece-best-quality-single-background-simple-background-_png.rf.d0e9af739107712e0741707db8de3704.jpg,train,tiny_bbox,class=rust area=0.000086
rbfpipe_02165-2913940942-big-corrosion-spot-Clear-border-realistic-masterpiece-best-quality-single-background-simple-background-_png.rf.d0e9af739107712e0741707db8de3704.jpg,train,tiny_bbox,class=rust area=0.000033
rbfpipe_02165-2913940942-big-corrosion-spot-Clear-border-realistic-masterpiece-best-quality-single-background-simple-background-_png.rf.d0e9af739107712e0741707db8de3704.jpg,train,tiny_bbox,class=rust area=0.000043
rbfpipe_02165-2913940942-big-corrosion-spot-Clear-border-realistic-masterpiece-best-quality-single-background-simple-background-_png.rf.d0e9af739107712e0741707db8de3704.jpg,train,tiny_bbox,class=rust area=0.000086
rbfpipe_02165-2913940942-big-corrosion-spot-Clear-border-realistic-masterpiece-best-quality-single-background-simple-background-_png.rf.d0e9af739107712e0741707db8de3704.jpg,train,tiny_bbox,class=rust area=0.000015
rbfpipe_02165-2913940942-big-corrosion-spot-Clear-border-realistic-masterpiece-best-quality-single-background-simple-background-_png.rf.d0e9af739107712e0741707db8de3704.jpg,train,tiny_bbox,class=rust area=0.000240
rbfpipe_02165-2913940942-big-corrosion-spot-Clear-border-realistic-masterpiece-best-quality-single-background-simple-background-_png.rf.d0e9af739107712e0741707db8de3704.jpg,train,tiny_bbox,class=rust area=0.000027
rbfpipe_02165-2913940942-big-corrosion-spot-Clear-border-realistic-masterpiece-best-quality-single-background-simple-background-_png.rf.d0e9af739107712e0741707db8de3704.jpg,train,tiny_bbox,class=rust area=0.000029
rbfpipe_02172-2913940946-big-corrosion-spot-Clear-border-realistic-masterpiece-best-quality-single-background-simple-background-_png.rf.5cf3dc8463c5ddb5a135f5ad253343d0.jpg,train,tiny_bbox,class=rust area=0.000160
rbfpipe_02172-2913940946-big-corrosion-spot-Clear-border-realistic-masterpiece-best-quality-single-background-simple-background-_png.rf.5cf3dc8463c5ddb5a135f5ad253343d0.jpg,train,tiny_bbox,class=rust area=0.000471
rbfpipe_02172-2913940946-big-corrosion-spot-Clear-border-realistic-masterpiece-best-quality-single-background-simple-background-_png.rf.5cf3dc8463c5ddb5a135f5ad253343d0.jpg,train,tiny_bbox,class=rust area=0.000378
rbfpipe_02172-2913940946-big-corrosion-spot-Clear-border-realistic-masterpiece-best-quality-single-background-simple-background-_png.rf.5cf3dc8463c5ddb5a135f5ad253343d0.jpg,train,tiny_bbox,class=rust area=0.000223
rbfpipe_02172-2913940946-big-corrosion-spot-Clear-border-realistic-masterpiece-best-quality-single-background-simple-background-_png.rf.5cf3dc8463c5ddb5a135f5ad253343d0.jpg,train,tiny_bbox,class=rust area=0.000223
rbfpipe_02172-2913940946-big-corrosion-spot-Clear-border-realistic-masterpiece-best-quality-single-background-simple-background-_png.rf.5cf3dc8463c5ddb5a135f5ad253343d0.jpg,train,tiny_bbox,class=rust area=0.000587
rbfpipe_02172-2913940946-big-corrosion-spot-Clear-border-realistic-masterpiece-best-quality-single-background-simple-background-_png.rf.5cf3dc8463c5ddb5a135f5ad253343d0.jpg,train,tiny_bbox,class=rust area=0.000340
rbfpipe_02172-2913940946-big-corrosion-spot-Clear-border-realistic-masterpiece-best-quality-single-background-simple-background-_png.rf.5cf3dc8463c5ddb5a135f5ad253343d0.jpg,train,tiny_bbox,class=rust area=0.000595
rbfpipe_02182-2913940951-big-corrosion-spot-Clear-border-realistic-masterpiece-best-quality-single-background-simple-background-_png.rf.6214d16a68888f2b5bb7776e8d96fb07.jpg,train,tiny_bbox,class=rust area=0.000798
rbfpipe_02182-2913940951-big-corrosion-spot-Clear-border-realistic-masterpiece-best-quality-single-background-simple-background-_png.rf.6214d16a68888f2b5bb7776e8d96fb07.jpg,train,tiny_bbox,class=rust area=0.000285
rbfpipe_02193-2913940957-big-corrosion-spot-Clear-border-realistic-masterpiece-best-quality-single-background-simple-background-_png.rf.b0bd9a50a7f36db8abe71a43dfe60972.jpg,train,tiny_bbox,class=rust area=0.000944
rbfpipe_02193-2913940957-big-corrosion-spot-Clear-border-realistic-masterpiece-best-quality-single-background-simple-background-_png.rf.b0bd9a50a7f36db8abe71a43dfe60972.jpg,train,tiny_bbox,class=rust area=0.000298
rbfpipe_02193-2913940957-big-corrosion-spot-Clear-border-realistic-masterpiece-best-quality-single-background-simple-background-_png.rf.b0bd9a50a7f36db8abe71a43dfe60972.jpg,train,tiny_bbox,class=rust area=0.000240
rbfpipe_02193-2913940957-big-corrosion-spot-Clear-border-realistic-masterpiece-best-quality-single-background-simple-background-_png.rf.b0bd9a50a7f36db8abe71a43dfe60972.jpg,train,tiny_bbox,class=rust area=0.000136
rbfpipe_02193-2913940957-big-corrosion-spot-Clear-border-realistic-masterpiece-best-quality-single-background-simple-background-_png.rf.b0bd9a50a7f36db8abe71a43dfe60972.jpg,train,tiny_bbox,class=rust area=0.000320
rbfpipe_02193-2913940957-big-corrosion-spot-Clear-border-realistic-masterpiece-best-quality-single-background-simple-background-_png.rf.b0bd9a50a7f36db8abe71a43dfe60972.jpg,train,tiny_bbox,class=rust area=0.000429
rbfpipe_02193-2913940957-big-corrosion-spot-Clear-border-realistic-masterpiece-best-quality-single-background-simple-background-_png.rf.b0bd9a50a7f36db8abe71a43dfe60972.jpg,train,tiny_bbox,class=rust area=0.000790
rbfpipe_02193-2913940957-big-corrosion-spot-Clear-border-realistic-masterpiece-best-quality-single-background-simple-background-_png.rf.b0bd9a50a7f36db8abe71a43dfe60972.jpg,train,tiny_bbox,class=rust area=0.000621
rbfpipe_02193-2913940957-big-corrosion-spot-Clear-border-realistic-masterpiece-best-quality-single-background-simple-background-_png.rf.b0bd9a50a7f36db8abe71a43dfe60972.jpg,train,tiny_bbox,class=rust area=0.000120
rbfpipe_02193-2913940957-big-corrosion-spot-Clear-border-realistic-masterpiece-best-quality-single-background-simple-background-_png.rf.b0bd9a50a7f36db8abe71a43dfe60972.jpg,train,tiny_bbox,class=rust area=0.000362
rbfpipe_02193-2913940957-big-corrosion-spot-Clear-border-realistic-masterpiece-best-quality-single-background-simple-background-_png.rf.b0bd9a50a7f36db8abe71a43dfe60972.jpg,train,tiny_bbox,class=rust area=0.000669
rbfpipe_02193-2913940957-big-corrosion-spot-Clear-border-realistic-masterpiece-best-quality-single-background-simple-background-_png.rf.b0bd9a50a7f36db8abe71a43dfe60972.jpg,train,tiny_bbox,class=rust area=0.000401
rbfpipe_02193-2913940957-big-corrosion-spot-Clear-border-realistic-masterpiece-best-quality-single-background-simple-background-_png.rf.b0bd9a50a7f36db8abe71a43dfe60972.jpg,train,tiny_bbox,class=rust area=0.000310
rbfpipe_02193-2913940957-big-corrosion-spot-Clear-border-realistic-masterpiece-best-quality-single-background-simple-background-_png.rf.b0bd9a50a7f36db8abe71a43dfe60972.jpg,train,tiny_bbox,class=rust area=0.000496
rbfpipe_02193-2913940957-big-corrosion-spot-Clear-border-realistic-masterpiece-best-quality-single-background-simple-background-_png.rf.b0bd9a50a7f36db8abe71a43dfe60972.jpg,train,tiny_bbox,class=rust area=0.000357
rbfpipe_02193-2913940957-big-corrosion-spot-Clear-border-realistic-masterpiece-best-quality-single-background-simple-background-_png.rf.b0bd9a50a7f36db8abe71a43dfe60972.jpg,train,tiny_bbox,class=rust area=0.000189
rbfpipe_02193-2913940957-big-corrosion-spot-Clear-border-realistic-masterpiece-best-quality-single-background-simple-background-_png.rf.b0bd9a50a7f36db8abe71a43dfe60972.jpg,train,tiny_bbox,class=rust area=0.000223
rbfpipe_02197-2913940959-big-corrosion-spot-Clear-border-realistic-masterpiece-best-quality-single-background-simple-background-_png.rf.f42d1ae2c0d97ac48f3e0fd87f271f21.jpg,train,tiny_bbox,class=rust area=0.000324
rbfpipe_20250526_212533_jpg.rf.acbc462fe05c90786827adea4e8dc679.jpg,train,tiny_bbox,class=damage area=0.000428
rbfpipe_20250526_2126144_jpg.rf.499942aa8e2f0bafcde8f42c4aaebe88.jpg,train,tiny_bbox,class=damage area=0.000267
rbfpipe_20250526_2127141_jpg.rf.bb8755b3d313535c0a00c4c980e03a46.jpg,train,tiny_bbox,class=damage area=0.000534
rbfpipe_20250526_2127141_jpg.rf.bb8755b3d313535c0a00c4c980e03a46.jpg,train,tiny_bbox,class=damage area=0.000335
rbfpipe_20250526_2127141_jpg.rf.bb8755b3d313535c0a00c4c980e03a46.jpg,train,tiny_bbox,class=damage area=0.000191
rbfpipe_20250526_212719_jpg.rf.f268b10c2f1e3b6db7daa4d5ce58079b.jpg,train,tiny_bbox,class=damage area=0.000857
rbfpipe_20250526_212719_jpg.rf.f268b10c2f1e3b6db7daa4d5ce58079b.jpg,train,tiny_bbox,class=damage area=0.000161
rbfpipe_20250526_212719_jpg.rf.f268b10c2f1e3b6db7daa4d5ce58079b.jpg,train,tiny_bbox,class=damage area=0.000097
rbfpipe_20250527_1653054_jpg.rf.bb53488daf65e1e0c8595b64a732ba6a.jpg,train,tiny_bbox,class=damage area=0.000155
rbfpipe_20250527_1654162_jpg.rf.1fd826a0e467b96328728b5b6dfe7b67.jpg,train,tiny_bbox,class=damage area=0.000330
rbfpipe_20250527_1715361_jpg.rf.d335d23d034fb308fd4295cba753331b.jpg,train,tiny_bbox,class=damage area=0.000956
rbfpipe_20250527_171602123_jpg.rf.4f52f3cdde473b7697282eb99d2fae3d.jpg,train,tiny_bbox,class=damage area=0.000719
rbfpipe_20250527_171602123_jpg.rf.4f52f3cdde473b7697282eb99d2fae3d.jpg,train,tiny_bbox,class=damage area=0.000058
rbfpipe_20250527_17160212_jpg.rf.67f30352b3708f6a9be4733d992ce20f.jpg,train,tiny_bbox,class=damage area=0.000746
rbfpipe_20250527_1716023_jpg.rf.4ee5dce0893e7e8fbb6092625397f321.jpg,train,tiny_bbox,class=damage area=0.000208
rbfpipe_20250527_17181521_jpg.rf.9755f5e0907878636449f00bd512506a.jpg,train,tiny_bbox,class=damage area=0.000325
rbfpipe_20250527_1748211_jpg.rf.478061620951d4f39be12b6a8150bce5.jpg,train,tiny_bbox,class=damage area=0.000666
rbfpipe_20250527_1749241_jpg.rf.03f63899c95f9404406bb2b66a84225a.jpg,train,tiny_bbox,class=damage area=0.000638
rbfpipe_20250527_1749241_jpg.rf.03f63899c95f9404406bb2b66a84225a.jpg,train,tiny_bbox,class=damage area=0.000597
rbfpipe_20250527_1749241_jpg.rf.03f63899c95f9404406bb2b66a84225a.jpg,train,tiny_bbox,class=damage area=0.000679
rbfpipe_20250527_174924_jpg.rf.4549641ffb75dfaabf89d4ccd60e887c.jpg,train,tiny_bbox,class=damage area=0.000833
rbfpipe_20250527_174924_jpg.rf.4549641ffb75dfaabf89d4ccd60e887c.jpg,train,tiny_bbox,class=damage area=0.000673
rbfpipe_B00041095_1_JPG.rf.6e00d5c3ce2e8c87c0cd7877d398eb2b.jpg,train,tiny_bbox,class=rust area=0.000769
rbfpipe_B00041095_2_JPG.rf.e77716170b427be1fb7db74428258923.jpg,train,tiny_bbox,class=rust area=0.000967
rbfpipe_B00041545_2_JPG.rf.5474462739a627943cedc899d8041936.jpg,train,tiny_bbox,class=rust area=0.000278
rbfpipe_B00041548_2_JPG.rf.17f5edb081ec0cb276e93acc1fce7052.jpg,train,tiny_bbox,class=rust area=0.000469
rbfpipe_B00041559_1_JPG.rf.237d496908851fd1ac5bbf1671519fe6.jpg,train,tiny_bbox,class=rust area=0.000359
rbfpipe_B00041559_1_JPG.rf.237d496908851fd1ac5bbf1671519fe6.jpg,train,tiny_bbox,class=rust area=0.000342
rbfpipe_CS8_jpg.rf.6840393c276f29ee0beb0a1580cef5c6.jpg,train,tiny_bbox,class=rust area=0.000746
rbfpipe_DSCF8109_JPG.rf.472b673bd8005eb3a5bed98875de4a18.jpg,train,tiny_bbox,class=rust area=0.000747
rbfpipe_GEN_349_jpg.rf.c7af3a1d0a00f11f7b87af30255fc088.jpg,train,tiny_bbox,class=rust area=0.000952
rbfpipe_L10_jpg.rf.85e4bad7c7c4642b91c07092c62b8402.jpg,train,tiny_bbox,class=rust area=0.000684
rbfpipe_L11_jpg.rf.7fad215e91b274c5aadb04316b42fbe7.jpg,train,tiny_bbox,class=rust area=0.000968
rbfpipe_L11_jpg.rf.7fad215e91b274c5aadb04316b42fbe7.jpg,train,tiny_bbox,class=rust area=0.000492
rbfpipe_L11_jpg.rf.7fad215e91b274c5aadb04316b42fbe7.jpg,train,tiny_bbox,class=rust area=0.000604
rbfpipe_L17_jpg.rf.1d49a87892017dc6574142ca585d829f.jpg,train,tiny_bbox,class=rust area=0.000718
rbfpipe_L17_jpg.rf.1d49a87892017dc6574142ca585d829f.jpg,train,tiny_bbox,class=rust area=0.000952
rbfpipe_L17_jpg.rf.1d49a87892017dc6574142ca585d829f.jpg,train,tiny_bbox,class=rust area=0.000953
rbfpipe_L17_jpg.rf.1d49a87892017dc6574142ca585d829f.jpg,train,tiny_bbox,class=rust area=0.000752
rbfpipe_L19_jpg.rf.22f71f99495bb4ce314b2f18826f8b66.jpg,train,tiny_bbox,class=rust area=0.000894
rbfpipe_L19_jpg.rf.c7d45950b0c65eda1f5797a5806ece57.jpg,train,tiny_bbox,class=rust area=0.000980
rbfpipe_L21_jpg.rf.5a9458032560ec1beb761e70269c370b.jpg,train,tiny_bbox,class=rust area=0.000751
rbfpipe_PXL_20250526_163900514_MP_jpg.rf.8e822720ffe9ab4f7427f8d3c9e530f0.jpg,train,huge_bbox,class=damage area=0.9056
rbfpipe_PXL_20250526_163915569_MP_jpg.rf.888032839953411a7bf7543e5d814367.jpg,train,tiny_bbox,class=damage area=0.000274
rbfpipe_PXL_20250526_1641537001_MP_jpg.rf.e30b33beb85c43136a9407cebb6f6609.jpg,train,tiny_bbox,class=damage area=0.000318
codebrim_image_0000075.jpg <-> gc10_5_img_08_425508200_00402.jpg,train,near_duplicate,hamming=3
codebrim_image_0000123.jpg <-> gc10_2_img_02_425392500_00017.jpg,train,near_duplicate,hamming=2
codebrim_image_0000123.jpg <-> gc10_2_img_02_425505700_00018.jpg,train,near_duplicate,hamming=2
codebrim_image_0000123.jpg <-> gc10_4_img_02_425237600_00302.jpg,train,near_duplicate,hamming=2
codebrim_image_0000123.jpg <-> gc10_4_img_02_425508600_00684.jpg,train,near_duplicate,hamming=2
codebrim_image_0000123.jpg <-> gc10_5_img_02_425507000_00872.jpg,train,near_duplicate,hamming=2
codebrim_image_0000123.jpg <-> gc10_5_img_02_425507000_00876.jpg,train,near_duplicate,hamming=2
codebrim_image_0000123.jpg <-> gc10_5_img_02_425507000_00888.jpg,train,near_duplicate,hamming=2
codebrim_image_0000123.jpg <-> gc10_5_img_02_425507000_00900.jpg,train,near_duplicate,hamming=2
codebrim_image_0000123.jpg <-> gc10_5_img_02_425507000_00913.jpg,train,near_duplicate,hamming=2
codebrim_image_0000123.jpg <-> gc10_5_img_02_425507000_00931.jpg,train,near_duplicate,hamming=2
codebrim_image_0000123.jpg <-> gc10_5_img_02_425507200_01502.jpg,train,near_duplicate,hamming=2
codebrim_image_0000123.jpg <-> gc10_5_img_02_425507200_01505.jpg,train,near_duplicate,hamming=2
codebrim_image_0000123.jpg <-> gc10_5_img_02_425507200_01510.jpg,train,near_duplicate,hamming=2
codebrim_image_0000123.jpg <-> gc10_5_img_02_425507200_01511.jpg,train,near_duplicate,hamming=2
codebrim_image_0000123.jpg <-> gc10_5_img_02_425507200_01512.jpg,train,near_duplicate,hamming=2
codebrim_image_0000123.jpg <-> gc10_5_img_02_425507200_01513.jpg,train,near_duplicate,hamming=2
codebrim_image_0000123.jpg <-> gc10_5_img_02_425507200_01515.jpg,train,near_duplicate,hamming=2
codebrim_image_0000123.jpg <-> gc10_5_img_02_425507200_01516.jpg,train,near_duplicate,hamming=2
codebrim_image_0000123.jpg <-> gc10_5_img_02_425507200_01517.jpg,train,near_duplicate,hamming=2
codebrim_image_0000123.jpg <-> gc10_6_img_02_425505400_01038.jpg,train,near_duplicate,hamming=2
codebrim_image_0000123.jpg <-> gc10_6_img_06_3436814300_00050.jpg,train,near_duplicate,hamming=2
codebrim_image_0000123.jpg <-> gc10_6_img_07_4404580600_00507.jpg,train,near_duplicate,hamming=2
codebrim_image_0000123.jpg <-> gc10_6_img_07_4406645900_00200.jpg,train,near_duplicate,hamming=2
codebrim_image_0000123.jpg <-> gc10_7_img_02_425502300_00338.jpg,train,near_duplicate,hamming=2
codebrim_image_0000123.jpg <-> gc10_7_img_02_425503800_00019.jpg,train,near_duplicate,hamming=2
codebrim_image_0000123.jpg <-> gc10_7_img_02_425505100_00022.jpg,train,near_duplicate,hamming=2
codebrim_image_0000123.jpg <-> gc10_2_img_02_425504800_00019.jpg,train,near_duplicate,hamming=1
codebrim_image_0000123.jpg <-> gc10_5_img_02_425507200_01503.jpg,train,near_duplicate,hamming=3
codebrim_image_0000123.jpg <-> gc10_5_img_02_425507200_01504.jpg,train,near_duplicate,hamming=3
codebrim_image_0000123.jpg <-> gc10_7_img_02_425391000_00490.jpg,train,near_duplicate,hamming=3
codebrim_image_0000143.jpg <-> gc10_4_img_03_424992500_00482.jpg,train,near_duplicate,hamming=3
codebrim_image_0000173.jpg <-> gc10_6_img_03_425508300_00320.jpg,train,near_duplicate,hamming=3
codebrim_image_0000173.jpg <-> gc10_9_img_07_4405965200_00151.jpg,train,near_duplicate,hamming=3
codebrim_image_0000197.jpg <-> gc10_2_img_03_3402617700_01009.jpg,train,near_duplicate,hamming=3
gc10_6_img_04_SIS001577_00009.jpg <-> codebrim_image_0000346.jpg,train,near_duplicate,hamming=3
codebrim_image_0000198.jpg <-> gc10_2_img_04_3436787300_00002.jpg,train,near_duplicate,hamming=2
codebrim_image_0000198.jpg <-> gc10_2_img_04_4402818600_00001.jpg,train,near_duplicate,hamming=3
codebrim_image_0000198.jpg <-> gc10_3_img_04_425622400_00001.jpg,train,near_duplicate,hamming=2
codebrim_image_0000198.jpg <-> gc10_3_img_04_425622400_00002.jpg,train,near_duplicate,hamming=1
codebrim_image_0000198.jpg <-> gc10_9_img_04_4402117000_00004.jpg,train,near_duplicate,hamming=3
codebrim_image_0000198.jpg <-> rbfoil2_AUG_oil_spill00251_jpg.rf.1eea9add418a5c73f6c2290d345169d8.jpg,train,near_duplicate,hamming=3
gc10_6_img_04_SIS001577_00009.jpg <-> rbfoil2_AUG_oil_spill00251_jpg.rf.1eea9add418a5c73f6c2290d345169d8.jpg,train,near_duplicate,hamming=3
codebrim_image_0000198.jpg <-> rbfpipe_images-2-_jpg.rf.c220efc032f38f9f2055e96b5e967647.jpg,train,near_duplicate,hamming=2
gc10_6_img_04_SIS001577_00009.jpg <-> rbfpipe_images-2-_jpg.rf.c220efc032f38f9f2055e96b5e967647.jpg,train,near_duplicate,hamming=2
codebrim_image_0000200.jpg <-> gc10_10_img_07_4405133600_00036.jpg,train,near_duplicate,hamming=3
codebrim_image_0000200.jpg <-> gc10_10_img_07_4405133600_00042.jpg,train,near_duplicate,hamming=3
codebrim_image_0000200.jpg <-> gc10_5_img_07_425390900_00081.jpg,train,near_duplicate,hamming=3
codebrim_image_0000200.jpg <-> gc10_10_img_07_424826800_00488.jpg,train,near_duplicate,hamming=2
codebrim_image_0000200.jpg <-> gc10_10_img_07_424826800_00492.jpg,train,near_duplicate,hamming=2
codebrim_image_0000200.jpg <-> gc10_10_img_07_424826800_00493.jpg,train,near_duplicate,hamming=2
codebrim_image_0000200.jpg <-> gc10_10_img_07_424826800_00494.jpg,train,near_duplicate,hamming=2
codebrim_image_0000200.jpg <-> gc10_10_img_07_424826800_00497.jpg,train,near_duplicate,hamming=2
codebrim_image_0000200.jpg <-> gc10_10_img_07_4405133600_00046.jpg,train,near_duplicate,hamming=2
codebrim_image_0000200.jpg <-> gc10_1_img_07_425502900_00052.jpg,train,near_duplicate,hamming=2
codebrim_image_0000200.jpg <-> gc10_2_img_07_425613700_00782.jpg,train,near_duplicate,hamming=2
codebrim_image_0000200.jpg <-> gc10_2_img_07_425613800_00786.jpg,train,near_duplicate,hamming=2
codebrim_image_0000200.jpg <-> gc10_2_img_07_425644600_00785.jpg,train,near_duplicate,hamming=2
codebrim_image_0000200.jpg <-> gc10_3_img_01_425503500_00017.jpg,train,near_duplicate,hamming=2
codebrim_image_0000200.jpg <-> gc10_3_img_01_425503500_00018.jpg,train,near_duplicate,hamming=2
codebrim_image_0000200.jpg <-> gc10_3_img_01_425639800_00874.jpg,train,near_duplicate,hamming=2
codebrim_image_0000200.jpg <-> gc10_3_img_07_424799400_01080.jpg,train,near_duplicate,hamming=2
codebrim_image_0000200.jpg <-> gc10_4_img_03_424714400_00306.jpg,train,near_duplicate,hamming=2
codebrim_image_0000200.jpg <-> gc10_4_img_07_425508300_00927.jpg,train,near_duplicate,hamming=2
codebrim_image_0000200.jpg <-> gc10_5_img_07_425390700_00052.jpg,train,near_duplicate,hamming=2
codebrim_image_0000200.jpg <-> gc10_5_img_07_425390800_00008.jpg,train,near_duplicate,hamming=2
codebrim_image_0000200.jpg <-> gc10_5_img_07_425390900_00058.jpg,train,near_duplicate,hamming=2
codebrim_image_0000200.jpg <-> gc10_5_img_07_425390900_00069.jpg,train,near_duplicate,hamming=2
codebrim_image_0000200.jpg <-> gc10_5_img_07_425390900_00110.jpg,train,near_duplicate,hamming=2
codebrim_image_0000200.jpg <-> gc10_5_img_07_425507400_01690.jpg,train,near_duplicate,hamming=2
codebrim_image_0000200.jpg <-> gc10_5_img_07_425507400_01692.jpg,train,near_duplicate,hamming=2
codebrim_image_0000200.jpg <-> gc10_6_img_01_4406743300_00475.jpg,train,near_duplicate,hamming=2
codebrim_image_0000200.jpg <-> gc10_6_img_03_SIS001577_00013.jpg,train,near_duplicate,hamming=2
codebrim_image_0000200.jpg <-> gc10_6_img_07_424714400_00008.jpg,train,near_duplicate,hamming=2
codebrim_image_0000200.jpg <-> gc10_6_img_07_4406743300_00035.jpg,train,near_duplicate,hamming=2
codebrim_image_0000200.jpg <-> gc10_6_img_07_4406743300_00036.jpg,train,near_duplicate,hamming=2
codebrim_image_0000200.jpg <-> gc10_6_img_07_4406743300_00037.jpg,train,near_duplicate,hamming=2
codebrim_image_0000200.jpg <-> gc10_6_img_07_4406743300_00038.jpg,train,near_duplicate,hamming=2
codebrim_image_0000200.jpg <-> gc10_6_img_07_4406743300_00039.jpg,train,near_duplicate,hamming=2
codebrim_image_0000200.jpg <-> gc10_6_img_07_4406743300_00041.jpg,train,near_duplicate,hamming=2
codebrim_image_0000200.jpg <-> gc10_6_img_07_4406743300_00060.jpg,train,near_duplicate,hamming=2
codebrim_image_0000200.jpg <-> gc10_6_img_07_4406743300_00092.jpg,train,near_duplicate,hamming=2
codebrim_image_0000200.jpg <-> gc10_6_img_07_4406743300_00094.jpg,train,near_duplicate,hamming=2
codebrim_image_0000200.jpg <-> gc10_6_img_07_4406743300_00095.jpg,train,near_duplicate,hamming=2
codebrim_image_0000200.jpg <-> gc10_6_img_07_4406743300_00112.jpg,train,near_duplicate,hamming=2
codebrim_image_0000200.jpg <-> gc10_6_img_07_4406743300_00132.jpg,train,near_duplicate,hamming=2
codebrim_image_0000200.jpg <-> gc10_7_img_07_425391000_00291.jpg,train,near_duplicate,hamming=2
codebrim_image_0000200.jpg <-> gc10_7_img_07_425503000_00062.jpg,train,near_duplicate,hamming=2
codebrim_image_0000200.jpg <-> gc10_7_img_07_425504800_00992.jpg,train,near_duplicate,hamming=2
codebrim_image_0000200.jpg <-> gc10_7_img_07_425506100_00205.jpg,train,near_duplicate,hamming=2
codebrim_image_0000200.jpg <-> gc10_7_img_07_425507000_00965.jpg,train,near_duplicate,hamming=2
codebrim_image_0000200.jpg <-> gc10_7_img_07_425507200_00974.jpg,train,near_duplicate,hamming=2
codebrim_image_0000200.jpg <-> gc10_7_img_07_425508300_00926.jpg,train,near_duplicate,hamming=2
codebrim_image_0000200.jpg <-> gc10_7_img_07_425508300_00928.jpg,train,near_duplicate,hamming=2
codebrim_image_0000200.jpg <-> gc10_7_img_07_425508300_00929.jpg,train,near_duplicate,hamming=2
codebrim_image_0000200.jpg <-> gc10_7_img_07_425508400_00364.jpg,train,near_duplicate,hamming=2
codebrim_image_0000200.jpg <-> gc10_7_img_07_425508400_00968.jpg,train,near_duplicate,hamming=2
codebrim_image_0000200.jpg <-> gc10_7_img_07_425508400_00969.jpg,train,near_duplicate,hamming=2
codebrim_image_0000200.jpg <-> gc10_7_img_07_425508700_00362.jpg,train,near_duplicate,hamming=2
codebrim_image_0000200.jpg <-> gc10_7_img_07_425508700_00363.jpg,train,near_duplicate,hamming=2
"codebrim_image_0000198.jpg, gc10_6_img_04_SIS001577_00009.jpg",train,exact_duplicate_cross_dataset,"count=2 sources={'gc10', 'codebrim'}"
"codebrim_image_0000204.jpg, gc10_10_img_06_424826800_00492.jpg, gc10_6_img_01_425005700_00163.jpg",train,exact_duplicate_cross_dataset,"count=3 sources={'gc10', 'codebrim'}"
"codebrim_image_0000427.jpg, gc10_2_img_02_425616500_00770.jpg, gc10_5_img_07_425390900_00113.jpg",train,exact_duplicate_cross_dataset,"count=3 sources={'gc10', 'codebrim'}"
"codebrim_image_0000437.jpg, gc10_10_img_07_4405133600_00033.jpg, gc10_6_img_07_4406645900_00842.jpg",train,exact_duplicate_cross_dataset,"count=3 sources={'gc10', 'codebrim'}"
"codebrim_image_0000469.jpg, gc10_8_img_06_427199900_00007.jpg",train,exact_duplicate_cross_dataset,"count=2 sources={'gc10', 'codebrim'}"
"codebrim_image_0000551.jpg, gc10_10_img_07_4405133600_00036.jpg, gc10_10_img_07_4405133600_00042.jpg, gc10_5_img_07_425390900_00081.jpg",train,exact_duplicate_cross_dataset,"count=4 sources={'gc10', 'codebrim'}"
"codebrim_image_0000967.jpg, codebrim_image_0001013.jpg, gc10_10_img_07_424826800_00488.jpg, gc10_10_img_07_424826800_00492.jpg, gc10_10_img_07_424826800_00493.jpg",train,exact_duplicate_cross_dataset,"count=56 sources={'gc10', 'codebrim'}"
"codebrim_image_0000987.jpg, gc10_10_img_03_425613800_00022.jpg",train,exact_duplicate_cross_dataset,"count=2 sources={'gc10', 'codebrim'}"
"codebrim_image_0000995.jpg, gc10_10_img_06_3436814000_00681.jpg, gc10_10_img_06_425614600_00410.jpg, gc10_10_img_06_425614600_00411.jpg, gc10_10_img_06_425614600_00413.jpg",train,exact_duplicate_cross_dataset,"count=129 sources={'rbfcorr', 'gc10', 'codebrim'}"
"gc10_10_img_06_4404374100_01306.jpg, gc10_10_img_06_4404374100_01337.jpg, gc10_10_img_06_4404374100_01350.jpg, gc10_2_img_08_3403334400_00732.jpg, gc10_5_img_08_3437011100_00686.jpg",train,exact_duplicate_cross_dataset,"count=7 sources={'gc10', 'rbfpipe'}"
"rbfcorr_2-45-_jpeg.rf.a85b32cf76fb3c4ee513b108019e1528.jpg, rbfcorr_2-9-_jpg.rf.5dc6da0d6b836be0fa4364159992271c.jpg, rbfcorr_GEN_349_jpg.rf.d443038f1b8e2e5c124864f0e29cc8ae.jpg, rbfpipe_GEN_349_jpg.rf.c7af3a1d0a00f11f7b87af30255fc088.jpg",train,exact_duplicate_cross_dataset,"count=4 sources={'rbfpipe', 'rbfcorr'}"
"rbfcorr_GEN_174_jpg.rf.b0bcfbe272f20182c031a87a0c70a1d2.jpg, rbfcorr_img204_jpg.rf.3e936fded3be6ea62b94c8b5eca2bddd.jpg, rbfleak_Fault_36_jpg.rf.206ef9428a934f69654a5d7cb7d5ceee.jpg",train,exact_duplicate_cross_dataset,"count=3 sources={'rbfleak', 'rbfcorr'}"
codebrim_image_0000431.jpg,val,tiny_bbox,class=damage area=0.000734
codebrim_image_0000431.jpg,val,tiny_bbox,class=damage area=0.000863
codebrim_image_0000431.jpg,val,tiny_bbox,class=damage area=0.000639
codebrim_image_0000500.jpg,val,tiny_bbox,class=rust area=0.000602
codebrim_image_0000500.jpg,val,tiny_bbox,class=damage area=0.000602
codebrim_image_0000500.jpg,val,tiny_bbox,class=rust area=0.000680
codebrim_image_0000500.jpg,val,tiny_bbox,class=damage area=0.000680
codebrim_image_0000500.jpg,val,tiny_bbox,class=rust area=0.000253
codebrim_image_0000500.jpg,val,tiny_bbox,class=damage area=0.000253
codebrim_image_0000500.jpg,val,tiny_bbox,class=rust area=0.000262
codebrim_image_0000500.jpg,val,tiny_bbox,class=damage area=0.000262
codebrim_image_0000603.jpg,val,tiny_bbox,class=rust area=0.000675
codebrim_image_0000603.jpg,val,tiny_bbox,class=damage area=0.000675
codebrim_image_0000687.jpg,val,huge_bbox,class=rust area=0.8743
codebrim_image_0000687.jpg,val,huge_bbox,class=damage area=0.8743
codebrim_image_0000718.jpg,val,tiny_bbox,class=rust area=0.000707
codebrim_image_0000718.jpg,val,tiny_bbox,class=damage area=0.000707
codebrim_image_0000718.jpg,val,tiny_bbox,class=rust area=0.000535
codebrim_image_0000718.jpg,val,tiny_bbox,class=damage area=0.000535
codebrim_image_0000718.jpg,val,tiny_bbox,class=rust area=0.000806
codebrim_image_0000718.jpg,val,tiny_bbox,class=damage area=0.000806
codebrim_image_0000758.jpg,val,huge_bbox,class=rust area=0.8065
codebrim_image_0000758.jpg,val,huge_bbox,class=damage area=0.8065
codebrim_image_0000778.jpg,val,huge_bbox,class=rust area=0.9573
codebrim_image_0000778.jpg,val,huge_bbox,class=damage area=0.9573
codebrim_image_0000999.jpg,val,tiny_bbox,class=damage area=0.000840
codebrim_image_0001090.jpg,val,huge_bbox,class=rust area=0.9986
codebrim_image_0001090.jpg,val,huge_bbox,class=damage area=0.9986
codebrim_image_0001200.jpg,val,huge_bbox,class=damage area=0.9315
codebrim_image_0001373.jpg,val,huge_bbox,class=damage area=0.9984
codebrim_image_0001375.jpg,val,huge_bbox,class=rust area=0.9957
codebrim_image_0001375.jpg,val,huge_bbox,class=damage area=0.9957
codebrim_image_0001471.jpg,val,huge_bbox,class=rust area=0.9917
codebrim_image_0001471.jpg,val,huge_bbox,class=damage area=0.9917
codebrim_image_0001528.jpg,val,huge_bbox,class=damage area=0.8057
codebrim_image_0001569.jpg,val,huge_bbox,class=rust area=0.9981
codebrim_image_0001569.jpg,val,huge_bbox,class=damage area=0.9981
gc10_1_img_02_425640100_00874.jpg,val,tiny_bbox,class=damage area=0.000967
gc10_2_img_02_425507400_00018.jpg,val,tiny_bbox,class=damage area=0.000859
gc10_5_img_07_425390900_00053.jpg,val,tiny_bbox,class=leak area=0.000996
gc10_7_img_02_3402617100_00366.jpg,val,tiny_bbox,class=damage area=0.000438
gc10_7_img_02_424799300_00850.jpg,val,tiny_bbox,class=damage area=0.000382
gc10_7_img_02_424799600_00382.jpg,val,tiny_bbox,class=damage area=0.000352
gc10_7_img_02_425383400_00356.jpg,val,tiny_bbox,class=damage area=0.000738
gc10_7_img_04_424714400_00325.jpg,val,tiny_bbox,class=damage area=0.000752
gc10_7_img_08_425508200_00359.jpg,val,tiny_bbox,class=damage area=0.000674
gc10_7_img_08_425508200_00359.jpg,val,tiny_bbox,class=damage area=0.000773
gc10_7_img_08_425508200_00359.jpg,val,tiny_bbox,class=damage area=0.000552
gc10_7_img_08_425508200_00364.jpg,val,tiny_bbox,class=damage area=0.000651
gc10_7_img_08_425508200_00364.jpg,val,tiny_bbox,class=damage area=0.000988
gc10_7_img_08_425508200_00364.jpg,val,tiny_bbox,class=damage area=0.000645
rbfcorr_Harsha-135-_jpg.rf.389d8299fdbcf03d06633b7e94828a78.jpg,val,tiny_bbox,class=rust area=0.000974
rbfcorr_Harsha-135-_jpg.rf.389d8299fdbcf03d06633b7e94828a78.jpg,val,tiny_bbox,class=rust area=0.000698
rbfcorr_Harsha-248-_jpg.rf.58732ef1cb43554d8e911e58c62bee0f.jpg,val,tiny_bbox,class=rust area=0.000439
rbfcorr_Harsha-262-_jpg.rf.a4b3d632ee0a7873ae8a528a5d9061d8.jpg,val,tiny_bbox,class=rust area=0.000889
rbfcorr_Harsha-348-_jpg.rf.b7f05073bfa0f92bea55f7c66b15e4fa.jpg,val,tiny_bbox,class=rust area=0.000967
rbfcorr_Harsha-348-_jpg.rf.b7f05073bfa0f92bea55f7c66b15e4fa.jpg,val,tiny_bbox,class=rust area=0.000974
rbfcorr_Harsha-348-_jpg.rf.b7f05073bfa0f92bea55f7c66b15e4fa.jpg,val,tiny_bbox,class=rust area=0.000769
rbfcorr_Harsha-349-_jpg.rf.b0b78c87dc76b020d9f2ad5e50d9ed79.jpg,val,tiny_bbox,class=rust area=0.000413
rbfcorr_Harsha-349-_jpg.rf.b0b78c87dc76b020d9f2ad5e50d9ed79.jpg,val,tiny_bbox,class=rust area=0.000684
rbfcorr_Harsha-349-_jpg.rf.b0b78c87dc76b020d9f2ad5e50d9ed79.jpg,val,tiny_bbox,class=rust area=0.000547
rbfcorr_Harsha-349-_jpg.rf.b0b78c87dc76b020d9f2ad5e50d9ed79.jpg,val,tiny_bbox,class=rust area=0.000349
rbfcorr_Harsha-350-_jpg.rf.5c11df0894db901410460ed044c0474a.jpg,val,tiny_bbox,class=rust area=0.000413
rbfcorr_Harsha-350-_jpg.rf.5c11df0894db901410460ed044c0474a.jpg,val,tiny_bbox,class=rust area=0.000684
rbfcorr_Harsha-350-_jpg.rf.5c11df0894db901410460ed044c0474a.jpg,val,tiny_bbox,class=rust area=0.000547
rbfcorr_Harsha-350-_jpg.rf.5c11df0894db901410460ed044c0474a.jpg,val,tiny_bbox,class=rust area=0.000349
rbfcorr_Harsha-388-_jpg.rf.632285478407f5381d17cdb14ac23ac0.jpg,val,tiny_bbox,class=rust area=0.000527
rbfcorr_Harsha-467-_jpg.rf.997af0fad785b301a0b481536b8be919.jpg,val,tiny_bbox,class=rust area=0.000974
rbfcorr_Harsha-467-_jpg.rf.997af0fad785b301a0b481536b8be919.jpg,val,tiny_bbox,class=rust area=0.000889
rbfcorr_Harsha-56-_jpg.rf.88cd5abde8d09a3e30f4c50c66d88855.jpg,val,tiny_bbox,class=rust area=0.000732
rbfcorr_Harsha-58-_jpg.rf.60685dfeeb7faec9a4581f1312961b47.jpg,val,tiny_bbox,class=rust area=0.000732
rbfcorr_Harsha-66-_jpg.rf.87edee36fa861006d471533fe963d66a.jpg,val,tiny_bbox,class=rust area=0.000410
rbfcorr_Harsha-685-_jpg.rf.bf1d7f25bd5f3c334796d7ace355637c.jpg,val,tiny_bbox,class=rust area=0.000923
rbfcorr_Harsha-715-_jpg.rf.6c62342fc9b1ed8dc813cdfe6f91f988.jpg,val,tiny_bbox,class=rust area=0.000742
rbfcorr_Harsha-715-_jpg.rf.6c62342fc9b1ed8dc813cdfe6f91f988.jpg,val,tiny_bbox,class=rust area=0.000732
rbfcorr_Harsha-717-_jpg.rf.9eb9fddd69c5592a6ad8ccba3714d0ca.jpg,val,tiny_bbox,class=rust area=0.000789
rbfcorr_Harsha-74-_jpg.rf.d96769442a4caee8266d8d40e346d2a3.jpg,val,tiny_bbox,class=rust area=0.000974
rbfcorr_Harsha-74-_jpg.rf.d96769442a4caee8266d8d40e346d2a3.jpg,val,tiny_bbox,class=rust area=0.000510
rbfcorr_Harsha-74-_jpg.rf.d96769442a4caee8266d8d40e346d2a3.jpg,val,tiny_bbox,class=rust area=0.000430
rbfcorr_Harsha-92-_jpg.rf.c2d75d54a9e4b8d59d6af9fbb64b5136.jpg,val,tiny_bbox,class=rust area=0.000718
rbfcorr_image103_1_jpeg.rf.ea05aee9bc6140c6214f9e52ba670b58.jpg,val,tiny_bbox,class=rust area=0.000909
rbfcorr_image103_1_jpeg.rf.ea05aee9bc6140c6214f9e52ba670b58.jpg,val,tiny_bbox,class=rust area=0.000794
rbfcorr_image122_jpeg.rf.10c710c29e0095eaf5499ec6059912be.jpg,val,tiny_bbox,class=rust area=0.000000
rbfcorr_image39_jpeg.rf.454f868ae2ed95f40e58b137fa37811b.jpg,val,tiny_bbox,class=rust area=0.000000
rbfcorr_image49_1_jpeg.rf.6053de034de95b825793384d66aaf779.jpg,val,tiny_bbox,class=rust area=0.000000
rbfcorr_image49_1_jpeg.rf.6053de034de95b825793384d66aaf779.jpg,val,tiny_bbox,class=rust area=0.000734
rbfcorr_image61_1_jpeg.rf.72d7351eadc4709ca50ecc21eaa75ec4.jpg,val,tiny_bbox,class=rust area=0.000018
rbfcorr_image76_jpeg.rf.446d504670aa6246aed1083d0899ddd9.jpg,val,tiny_bbox,class=rust area=0.000000
rbfcorr_img121_jpg.rf.a42f598c9d24eeb13af5f78b50b3c153.jpg,val,tiny_bbox,class=rust area=0.000241
rbfcorr_img12_jpg.rf.f0a231631956548dc9a1cd8533dd90ec.jpg,val,tiny_bbox,class=rust area=0.000652
rbfcorr_img12_jpg.rf.f0a231631956548dc9a1cd8533dd90ec.jpg,val,tiny_bbox,class=rust area=0.000587
rbfcorr_img12_jpg.rf.f0a231631956548dc9a1cd8533dd90ec.jpg,val,tiny_bbox,class=rust area=0.000674
rbfcorr_img12_jpg.rf.f0a231631956548dc9a1cd8533dd90ec.jpg,val,tiny_bbox,class=rust area=0.000909
rbfcorr_img12_jpg.rf.f0a231631956548dc9a1cd8533dd90ec.jpg,val,tiny_bbox,class=rust area=0.000182
rbfcorr_img12_jpg.rf.f0a231631956548dc9a1cd8533dd90ec.jpg,val,tiny_bbox,class=rust area=0.000477
rbfcorr_img12_jpg.rf.f0a231631956548dc9a1cd8533dd90ec.jpg,val,tiny_bbox,class=rust area=0.000814
rbfcorr_img12_jpg.rf.f0a231631956548dc9a1cd8533dd90ec.jpg,val,tiny_bbox,class=rust area=0.000310
rbfcorr_img12_jpg.rf.f0a231631956548dc9a1cd8533dd90ec.jpg,val,tiny_bbox,class=rust area=0.000988
rbfcorr_img12_jpg.rf.f0a231631956548dc9a1cd8533dd90ec.jpg,val,tiny_bbox,class=rust area=0.000833
rbfcorr_img12_jpg.rf.f0a231631956548dc9a1cd8533dd90ec.jpg,val,tiny_bbox,class=rust area=0.000825
rbfcorr_img12_jpg.rf.f0a231631956548dc9a1cd8533dd90ec.jpg,val,tiny_bbox,class=rust area=0.000587
rbfcorr_img12_jpg.rf.f0a231631956548dc9a1cd8533dd90ec.jpg,val,tiny_bbox,class=rust area=0.000737
rbfcorr_img12_jpg.rf.f0a231631956548dc9a1cd8533dd90ec.jpg,val,tiny_bbox,class=rust area=0.000400
rbfcorr_img12_jpg.rf.f0a231631956548dc9a1cd8533dd90ec.jpg,val,tiny_bbox,class=rust area=0.000549
rbfcorr_img12_jpg.rf.f0a231631956548dc9a1cd8533dd90ec.jpg,val,tiny_bbox,class=rust area=0.000525
rbfcorr_img12_jpg.rf.f0a231631956548dc9a1cd8533dd90ec.jpg,val,tiny_bbox,class=rust area=0.000334
rbfcorr_img12_jpg.rf.f0a231631956548dc9a1cd8533dd90ec.jpg,val,tiny_bbox,class=rust area=0.000477
rbfcorr_img12_jpg.rf.f0a231631956548dc9a1cd8533dd90ec.jpg,val,tiny_bbox,class=rust area=0.000766
rbfcorr_img12_jpg.rf.f0a231631956548dc9a1cd8533dd90ec.jpg,val,tiny_bbox,class=rust area=0.000977
rbfcorr_img12_jpg.rf.f0a231631956548dc9a1cd8533dd90ec.jpg,val,too_many_labels,count=88
rbfcorr_img148_jpg.rf.9d9572205135ef740bc9f042c1660d5c.jpg,val,huge_bbox,class=rust area=0.9618
rbfcorr_img162_jpg.rf.546c3b404e76813dd8b2cecb5c27d9ce.jpg,val,tiny_bbox,class=rust area=0.000180
rbfcorr_img162_jpg.rf.546c3b404e76813dd8b2cecb5c27d9ce.jpg,val,tiny_bbox,class=rust area=0.000599
rbfcorr_img162_jpg.rf.546c3b404e76813dd8b2cecb5c27d9ce.jpg,val,tiny_bbox,class=rust area=0.000216
rbfcorr_img162_jpg.rf.546c3b404e76813dd8b2cecb5c27d9ce.jpg,val,tiny_bbox,class=rust area=0.000251
rbfcorr_img162_jpg.rf.546c3b404e76813dd8b2cecb5c27d9ce.jpg,val,tiny_bbox,class=rust area=0.000431
rbfcorr_img162_jpg.rf.546c3b404e76813dd8b2cecb5c27d9ce.jpg,val,tiny_bbox,class=rust area=0.000754
rbfcorr_img162_jpg.rf.546c3b404e76813dd8b2cecb5c27d9ce.jpg,val,tiny_bbox,class=rust area=0.000928
rbfcorr_img180_jpg.rf.381d2ba2e1c0ae26393115883d1c6349.jpg,val,tiny_bbox,class=rust area=0.000966
rbfcorr_img180_jpg.rf.381d2ba2e1c0ae26393115883d1c6349.jpg,val,tiny_bbox,class=rust area=0.000577
rbfcorr_img184_jpg.rf.2c91b29fd4d09c502bdda872390c6052.jpg,val,tiny_bbox,class=rust area=0.000444
rbfcorr_img189_jpg.rf.9515c45d4f85b1a11c3c623f63c7dc2e.jpg,val,tiny_bbox,class=rust area=0.000795
rbfcorr_img189_jpg.rf.9515c45d4f85b1a11c3c623f63c7dc2e.jpg,val,tiny_bbox,class=rust area=0.000145
rbfcorr_img233_jpg.rf.5248b051b67eb3aa073df6ae42f0ff62.jpg,val,tiny_bbox,class=rust area=0.000398
rbfcorr_img60_jpg.rf.1e67a7cb4ebfe2456e3b82bbb2e072eb.jpg,val,huge_bbox,class=rust area=1.0000
rbfcorr_img64_jpg.rf.2771ad7339d5ba6287651d4fcd5b13c7.jpg,val,tiny_bbox,class=rust area=0.000271
rbfcorr_img78_jpg.rf.dc6985d2ecf95efeeeee665aacb98b63.jpg,val,tiny_bbox,class=rust area=0.000748
rbfcorr_img78_jpg.rf.dc6985d2ecf95efeeeee665aacb98b63.jpg,val,tiny_bbox,class=rust area=0.000363
rbfcorr_img84_jpg.rf.044135ed09444141c5175e0682e76337.jpg,val,tiny_bbox,class=rust area=0.000554
rbfcorr_img85_jpg.rf.29cc77b76fb993e70e679e3ee52cd178.jpg,val,tiny_bbox,class=rust area=0.000188
rbfcorr_img85_jpg.rf.29cc77b76fb993e70e679e3ee52cd178.jpg,val,tiny_bbox,class=rust area=0.000565
rbfoil2_1005_jpg.rf.8f01d0b7462c27805a2a8c38786020f4.jpg,val,tiny_bbox,class=leak area=0.000101
rbfoil2_1005_jpg.rf.b6e2556989f2ace8dad48fd0f5761f6e.jpg,val,tiny_bbox,class=leak area=0.000101
rbfoil2_1010_jpg.rf.0855fd8da9cac07f1d12ed284af80424.jpg,val,tiny_bbox,class=leak area=0.000885
rbfoil2_1017_jpg.rf.c49914633ab19b379a20f934feb28e78.jpg,val,tiny_bbox,class=leak area=0.000646
rbfoil2_1018_jpg.rf.4f213c36e4c6bdaa16af367b1b40e703.jpg,val,tiny_bbox,class=leak area=0.000751
rbfoil2_1018_jpg.rf.e5b81a834fe94cb7bbae7364c73f8ba9.jpg,val,tiny_bbox,class=leak area=0.000751
rbfoil2_1019_jpg.rf.341810ba8e43d86804e92af5c7efbb46.jpg,val,tiny_bbox,class=leak area=0.000651
rbfoil2_1019_jpg.rf.716b8f4c159abbc14a42967c0d7c0d41.jpg,val,tiny_bbox,class=leak area=0.000651
rbfoil2_1020_jpg.rf.4dd10e2f504141d0113c6e51c482561a.jpg,val,tiny_bbox,class=leak area=0.000667
rbfoil2_2014-03-23T134048Z_01_TOR900_RTRIDSP_3_USA-OIL-SPILL_jpg.rf.3203c4801c0bcd7db8a6c7159d7bd66b.jpg,val,huge_bbox,class=leak area=0.8190
rbfoil2_2014-03-23T134048Z_01_TOR900_RTRIDSP_3_USA-OIL-SPILL_jpg.rf.c6fe81291adc1ce198ed7eb21595b718.jpg,val,huge_bbox,class=leak area=0.8190
rbfoil2_2021-08-11-14-46-pic_32ratio_900x600-900x600-87574_jpg.rf.4dec077941da39a4a733a48549910286.jpg,val,huge_bbox,class=leak area=0.8267
rbfoil2_2021-08-11-14-46-pic_32ratio_900x600-900x600-87574_jpg.rf.f25cf41468e98dafd54467cd7dccf323.jpg,val,huge_bbox,class=leak area=0.8281
rbfoil2______thumb_fed_photo_jpg.rf.42aec98c2dcf546853169cb0e3bc7211.jpg,val,huge_bbox,class=leak area=0.9545
rbfoil2_AUG_oil_spill00285_jpg.rf.1dcb4673b572c4e3ea795e484fad4b1f.jpg,val,huge_bbox,class=leak area=0.8909
rbfoil2_AUG_oil_spill00285_jpg.rf.bc47b907a73c629c8eb217dcb7be46fc.jpg,val,huge_bbox,class=leak area=0.8909
rbfoil2_gasoline-spill-ocean-260nw-8788099_jpg.rf.0e5d4fc9a4faf4c612f972aab3c5fa1e.jpg,val,huge_bbox,class=leak area=0.9232
rbfoil2_HNLIKesm0Pp9ip0IWqCj4A_jpg.rf.344396fe4d169c0e24122b15011e6fa1.jpg,val,huge_bbox,class=leak area=0.9259
rbfoil2_HNLIKesm0Pp9ip0IWqCj4A_jpg.rf.4150361fcd035548d048ab9e957aab6b.jpg,val,huge_bbox,class=leak area=0.9259
rbfoil2_HNLIKesm0Pp9ip0IWqCj4A_jpg.rf.78443a3125a1dec1661d1cc4c786dc1d.jpg,val,huge_bbox,class=leak area=0.9259
rbfoil2_HNLIKesm0Pp9ip0IWqCj4A_jpg.rf.de2982e08e0e26db8a4bd9e80850b02b.jpg,val,huge_bbox,class=leak area=0.9259
rbfoil2_Oil-Slick-in-the-Gulf-of-Mexico_jpg.rf.1cbe1011d5b365907aec258d70c1505b.jpg,val,huge_bbox,class=leak area=0.8017
rbfoil2_Oil-Slick-in-the-Gulf-of-Mexico_jpg.rf.40f955dc9d52171429caf9244c2b542b.jpg,val,huge_bbox,class=leak area=0.8017
rbfoil2_Train1-149-_jpg.rf.3ac7ffd7d4d68bb16b59ca9769b6bb9e.jpg,val,huge_bbox,class=leak area=0.9496
rbfoil2_Train1-149-_jpg.rf.3b2a62a5b13ec4d53f90a82950bbdb1b.jpg,val,huge_bbox,class=leak area=0.9496
rbfoil2_Train1-149-_jpg.rf.425c2c56615b9607cdba53b9d9d81996.jpg,val,huge_bbox,class=leak area=0.9496
rbfoil2_Train1-151-_jpg.rf.0d10fb5641d524df574f29a5c5a79ecc.jpg,val,huge_bbox,class=leak area=0.9936
rbfoil2_Train1-151-_jpg.rf.aecf24252bb5cce5e98563b76d793bc7.jpg,val,huge_bbox,class=leak area=0.9936
rbfoil2_Train1-152-_jpg.rf.0365b0cb7507043fa1b94699f5966781.jpg,val,huge_bbox,class=leak area=0.9135
rbfoil2_Train1-153-_jpg.rf.97981ccde330a3bab788beb14fa001d7.jpg,val,huge_bbox,class=leak area=0.9512
rbfoil2_Train1-156-_jpg.rf.7bae9ae1ba98656d2ab6005ce66f2963.jpg,val,huge_bbox,class=leak area=0.9803
rbfoil2_Train1-156-_jpg.rf.ecc76010ffab26c242d182bb22edaa15.jpg,val,huge_bbox,class=leak area=0.9803
rbfoil2_Train1-94-_jpg.rf.8b5f0304453091bdc374141d635155e9.jpg,val,huge_bbox,class=leak area=0.9724
rbfoil2_train3-88-_jpg.rf.0782fd474aafebccd4e21ef4738919e3.jpg,val,huge_bbox,class=leak area=0.8005
rbfoil2_train3-88-_jpg.rf.40d8d74d39e61898baae0dee551ab84c.jpg,val,huge_bbox,class=leak area=0.8005
rbfpipe_01571-2899432431-little-area-Irregular-block-of-corrosion-Clear-border-realistic-masterpiece-best-quality-single-background-simple-bac_png.rf.12344a323e1b18a687e91e51d9ea6447.jpg,val,tiny_bbox,class=rust area=0.000147
rbfpipe_01680-3452288710-little-corrosion-spot-Clear-border-realistic-masterpiece-best-quality-single-background-simple-background-_png.rf.5455d840b771e722390c9d093b6ef681.jpg,val,tiny_bbox,class=rust area=0.000992
rbfpipe_01707-3452288737-little-corrosion-spot-Clear-border-realistic-masterpiece-best-quality-single-background-simple-background-_png.rf.29e28f62aeec637870f5eae29c3d5ab3.jpg,val,tiny_bbox,class=rust area=0.000105
rbfpipe_01707-3452288737-little-corrosion-spot-Clear-border-realistic-masterpiece-best-quality-single-background-simple-background-_png.rf.29e28f62aeec637870f5eae29c3d5ab3.jpg,val,tiny_bbox,class=rust area=0.000305
rbfpipe_01723-3452288753-little-corrosion-spot-Clear-border-realistic-masterpiece-best-quality-single-background-simple-background-_png.rf.43da3afd1ecc5aa7f1c0ed3a883d4bbd.jpg,val,tiny_bbox,class=rust area=0.000115
rbfpipe_01723-3452288753-little-corrosion-spot-Clear-border-realistic-masterpiece-best-quality-single-background-simple-background-_png.rf.43da3afd1ecc5aa7f1c0ed3a883d4bbd.jpg,val,tiny_bbox,class=rust area=0.000229
rbfpipe_01723-3452288753-little-corrosion-spot-Clear-border-realistic-masterpiece-best-quality-single-background-simple-background-_png.rf.43da3afd1ecc5aa7f1c0ed3a883d4bbd.jpg,val,tiny_bbox,class=rust area=0.000227
rbfpipe_01723-3452288753-little-corrosion-spot-Clear-border-realistic-masterpiece-best-quality-single-background-simple-background-_png.rf.43da3afd1ecc5aa7f1c0ed3a883d4bbd.jpg,val,tiny_bbox,class=rust area=0.000501
rbfpipe_01727-3452288757-little-corrosion-spot-Clear-border-realistic-masterpiece-best-quality-single-background-simple-background-_png.rf.21f069c62d3a1f7ed87a5174c5e752ed.jpg,val,tiny_bbox,class=rust area=0.000248
rbfpipe_01727-3452288757-little-corrosion-spot-Clear-border-realistic-masterpiece-best-quality-single-background-simple-background-_png.rf.21f069c62d3a1f7ed87a5174c5e752ed.jpg,val,tiny_bbox,class=rust area=0.000162
rbfpipe_01727-3452288757-little-corrosion-spot-Clear-border-realistic-masterpiece-best-quality-single-background-simple-background-_png.rf.21f069c62d3a1f7ed87a5174c5e752ed.jpg,val,tiny_bbox,class=rust area=0.000105
rbfpipe_02140-2913940926-big-corrosion-spot-Clear-border-realistic-masterpiece-best-quality-single-background-simple-background-_png.rf.9b5f0b081ffc8943da54867d64574ec1.jpg,val,tiny_bbox,class=rust area=0.000136
rbfpipe_02140-2913940926-big-corrosion-spot-Clear-border-realistic-masterpiece-best-quality-single-background-simple-background-_png.rf.9b5f0b081ffc8943da54867d64574ec1.jpg,val,tiny_bbox,class=rust area=0.000248
rbfpipe_02140-2913940926-big-corrosion-spot-Clear-border-realistic-masterpiece-best-quality-single-background-simple-background-_png.rf.9b5f0b081ffc8943da54867d64574ec1.jpg,val,tiny_bbox,class=rust area=0.000504
rbfpipe_02140-2913940926-big-corrosion-spot-Clear-border-realistic-masterpiece-best-quality-single-background-simple-background-_png.rf.9b5f0b081ffc8943da54867d64574ec1.jpg,val,tiny_bbox,class=rust area=0.000344
rbfpipe_02140-2913940926-big-corrosion-spot-Clear-border-realistic-masterpiece-best-quality-single-background-simple-background-_png.rf.9b5f0b081ffc8943da54867d64574ec1.jpg,val,tiny_bbox,class=rust area=0.000057
rbfpipe_02140-2913940926-big-corrosion-spot-Clear-border-realistic-masterpiece-best-quality-single-background-simple-background-_png.rf.9b5f0b081ffc8943da54867d64574ec1.jpg,val,tiny_bbox,class=rust area=0.000254
rbfpipe_02140-2913940926-big-corrosion-spot-Clear-border-realistic-masterpiece-best-quality-single-background-simple-background-_png.rf.9b5f0b081ffc8943da54867d64574ec1.jpg,val,tiny_bbox,class=rust area=0.000441
rbfpipe_02140-2913940926-big-corrosion-spot-Clear-border-realistic-masterpiece-best-quality-single-background-simple-background-_png.rf.9b5f0b081ffc8943da54867d64574ec1.jpg,val,tiny_bbox,class=rust area=0.000057
rbfpipe_02140-2913940926-big-corrosion-spot-Clear-border-realistic-masterpiece-best-quality-single-background-simple-background-_png.rf.9b5f0b081ffc8943da54867d64574ec1.jpg,val,tiny_bbox,class=rust area=0.000180
rbfpipe_02140-2913940926-big-corrosion-spot-Clear-border-realistic-masterpiece-best-quality-single-background-simple-background-_png.rf.9b5f0b081ffc8943da54867d64574ec1.jpg,val,tiny_bbox,class=rust area=0.000109
rbfpipe_02140-2913940926-big-corrosion-spot-Clear-border-realistic-masterpiece-best-quality-single-background-simple-background-_png.rf.9b5f0b081ffc8943da54867d64574ec1.jpg,val,tiny_bbox,class=rust area=0.000162
rbfpipe_02170-2913940945-big-corrosion-spot-Clear-border-realistic-masterpiece-best-quality-single-background-simple-background-_png.rf.efeb3dd99212533d42ba7a6c8847ae74.jpg,val,tiny_bbox,class=rust area=0.000776
rbfpipe_02170-2913940945-big-corrosion-spot-Clear-border-realistic-masterpiece-best-quality-single-background-simple-background-_png.rf.efeb3dd99212533d42ba7a6c8847ae74.jpg,val,tiny_bbox,class=rust area=0.000608
rbfpipe_02170-2913940945-big-corrosion-spot-Clear-border-realistic-masterpiece-best-quality-single-background-simple-background-_png.rf.efeb3dd99212533d42ba7a6c8847ae74.jpg,val,tiny_bbox,class=rust area=0.000976
rbfpipe_02170-2913940945-big-corrosion-spot-Clear-border-realistic-masterpiece-best-quality-single-background-simple-background-_png.rf.efeb3dd99212533d42ba7a6c8847ae74.jpg,val,tiny_bbox,class=rust area=0.000629
rbfpipe_02170-2913940945-big-corrosion-spot-Clear-border-realistic-masterpiece-best-quality-single-background-simple-background-_png.rf.efeb3dd99212533d42ba7a6c8847ae74.jpg,val,tiny_bbox,class=rust area=0.000486
rbfpipe_02170-2913940945-big-corrosion-spot-Clear-border-realistic-masterpiece-best-quality-single-background-simple-background-_png.rf.efeb3dd99212533d42ba7a6c8847ae74.jpg,val,tiny_bbox,class=rust area=0.000051
rbfpipe_02170-2913940945-big-corrosion-spot-Clear-border-realistic-masterpiece-best-quality-single-background-simple-background-_png.rf.efeb3dd99212533d42ba7a6c8847ae74.jpg,val,tiny_bbox,class=rust area=0.000521
rbfpipe_02170-2913940945-big-corrosion-spot-Clear-border-realistic-masterpiece-best-quality-single-background-simple-background-_png.rf.efeb3dd99212533d42ba7a6c8847ae74.jpg,val,tiny_bbox,class=rust area=0.000099
rbfpipe_02170-2913940945-big-corrosion-spot-Clear-border-realistic-masterpiece-best-quality-single-background-simple-background-_png.rf.efeb3dd99212533d42ba7a6c8847ae74.jpg,val,tiny_bbox,class=rust area=0.000107
rbfpipe_02170-2913940945-big-corrosion-spot-Clear-border-realistic-masterpiece-best-quality-single-background-simple-background-_png.rf.efeb3dd99212533d42ba7a6c8847ae74.jpg,val,tiny_bbox,class=rust area=0.000084
rbfpipe_02170-2913940945-big-corrosion-spot-Clear-border-realistic-masterpiece-best-quality-single-background-simple-background-_png.rf.efeb3dd99212533d42ba7a6c8847ae74.jpg,val,tiny_bbox,class=rust area=0.000129
rbfpipe_02170-2913940945-big-corrosion-spot-Clear-border-realistic-masterpiece-best-quality-single-background-simple-background-_png.rf.efeb3dd99212533d42ba7a6c8847ae74.jpg,val,tiny_bbox,class=rust area=0.000561
rbfpipe_02170-2913940945-big-corrosion-spot-Clear-border-realistic-masterpiece-best-quality-single-background-simple-background-_png.rf.efeb3dd99212533d42ba7a6c8847ae74.jpg,val,tiny_bbox,class=rust area=0.000011
rbfpipe_02170-2913940945-big-corrosion-spot-Clear-border-realistic-masterpiece-best-quality-single-background-simple-background-_png.rf.efeb3dd99212533d42ba7a6c8847ae74.jpg,val,tiny_bbox,class=rust area=0.000023
rbfpipe_02170-2913940945-big-corrosion-spot-Clear-border-realistic-masterpiece-best-quality-single-background-simple-background-_png.rf.efeb3dd99212533d42ba7a6c8847ae74.jpg,val,tiny_bbox,class=rust area=0.000549
rbfpipe_02170-2913940945-big-corrosion-spot-Clear-border-realistic-masterpiece-best-quality-single-background-simple-background-_png.rf.efeb3dd99212533d42ba7a6c8847ae74.jpg,val,tiny_bbox,class=rust area=0.000107
rbfpipe_02170-2913940945-big-corrosion-spot-Clear-border-realistic-masterpiece-best-quality-single-background-simple-background-_png.rf.efeb3dd99212533d42ba7a6c8847ae74.jpg,val,tiny_bbox,class=rust area=0.000734
rbfpipe_20250526_2125381_jpg.rf.d4afbb453362ebc04e1797b31e167e28.jpg,val,tiny_bbox,class=damage area=0.000494
rbfpipe_20250526_2125381_jpg.rf.d4afbb453362ebc04e1797b31e167e28.jpg,val,tiny_bbox,class=damage area=0.000796
rbfpipe_20250527_1715481_jpg.rf.46b5f6ef80b51cb671646ee6b6768bdc.jpg,val,tiny_bbox,class=damage area=0.000382
rbfpipe_20250527_174631_jpg.rf.702fffba940bb9c11981dafd6eb27794.jpg,val,tiny_bbox,class=damage area=0.000249
rbfpipe_B00041556_1_JPG.rf.c1b8121abd1795d3a8f4eb9bf052929e.jpg,val,tiny_bbox,class=rust area=0.000977
rbfpipe_CM41_jpg.rf.b9190f9ff8b19aa6681b1f50057e12f7.jpg,val,tiny_bbox,class=rust area=0.000851
rbfpipe_CM41_jpg.rf.b9190f9ff8b19aa6681b1f50057e12f7.jpg,val,tiny_bbox,class=rust area=0.000630
rbfpipe_CM42_jpg.rf.287f867a38a7bbe91d309e9d92384312.jpg,val,tiny_bbox,class=rust area=0.000231
rbfpipe_CM42_jpg.rf.287f867a38a7bbe91d309e9d92384312.jpg,val,tiny_bbox,class=rust area=0.000936
rbfpipe_CM42_jpg.rf.287f867a38a7bbe91d309e9d92384312.jpg,val,tiny_bbox,class=rust area=0.000591
rbfpipe_CS7_jpg.rf.7d5c2a201cb0b63b867d1c282eda827f.jpg,val,huge_bbox,class=rust area=0.9646
rbfpipe_IMG20220608112315_jpg.rf.74f64adecdd3526d0749752178054d6c.jpg,val,tiny_bbox,class=damage area=0.000762
rbfpipe_L21_jpg.rf.df97965ead7a19b597f658f52f2d04ca.jpg,val,tiny_bbox,class=rust area=0.000148
rbfpipe_L21_jpg.rf.df97965ead7a19b597f658f52f2d04ca.jpg,val,tiny_bbox,class=rust area=0.000840
rbfpipe_L21_jpg.rf.df97965ead7a19b597f658f52f2d04ca.jpg,val,tiny_bbox,class=rust area=0.000806
rbfpipe_L21_jpg.rf.df97965ead7a19b597f658f52f2d04ca.jpg,val,tiny_bbox,class=rust area=0.000833
rbfpipe_PXL_20250526_1641414972_jpg.rf.47c6b7b67efc38640cb06c781c0d38f2.jpg,val,tiny_bbox,class=damage area=0.000918
codebrim_image_0000208.jpg <-> gc10_10_img_06_424826800_00505.jpg,val,near_duplicate,hamming=3
codebrim_image_0000208.jpg <-> gc10_10_img_06_425614600_00412.jpg,val,near_duplicate,hamming=3
codebrim_image_0000208.jpg <-> gc10_10_img_06_425614600_00426.jpg,val,near_duplicate,hamming=3
codebrim_image_0000208.jpg <-> gc10_1_img_06_424799500_00921.jpg,val,near_duplicate,hamming=3
codebrim_image_0000208.jpg <-> gc10_4_img_01_425008000_00140.jpg,val,near_duplicate,hamming=3
codebrim_image_0000208.jpg <-> gc10_4_img_01_425008500_00636.jpg,val,near_duplicate,hamming=3
codebrim_image_0000208.jpg <-> gc10_4_img_01_425243600_01071.jpg,val,near_duplicate,hamming=3
codebrim_image_0000208.jpg <-> gc10_4_img_01_425244100_00682.jpg,val,near_duplicate,hamming=3
codebrim_image_0000208.jpg <-> gc10_5_img_02_425613800_00218.jpg,val,near_duplicate,hamming=3
codebrim_image_0000208.jpg <-> gc10_5_img_07_425100400_00094.jpg,val,near_duplicate,hamming=3
codebrim_image_0000208.jpg <-> gc10_5_img_07_425100400_00100.jpg,val,near_duplicate,hamming=3
codebrim_image_0000208.jpg <-> gc10_6_img_05_4406743300_00377.jpg,val,near_duplicate,hamming=3
codebrim_image_0000208.jpg <-> gc10_6_img_05_4406743300_00384.jpg,val,near_duplicate,hamming=3
codebrim_image_0000208.jpg <-> gc10_6_img_07_4406645900_00526.jpg,val,near_duplicate,hamming=3
codebrim_image_0000208.jpg <-> gc10_6_img_07_4406645900_00539.jpg,val,near_duplicate,hamming=3
codebrim_image_0000208.jpg <-> gc10_6_img_07_4406645900_00603.jpg,val,near_duplicate,hamming=3
codebrim_image_0000208.jpg <-> gc10_6_img_07_4406645900_00650.jpg,val,near_duplicate,hamming=3
codebrim_image_0000208.jpg <-> gc10_6_img_07_4406645900_00693.jpg,val,near_duplicate,hamming=3
codebrim_image_0000208.jpg <-> gc10_6_img_07_4406645900_00824.jpg,val,near_duplicate,hamming=3
codebrim_image_0000208.jpg <-> gc10_7_img_02_425613800_00034.jpg,val,near_duplicate,hamming=3
codebrim_image_0000208.jpg <-> gc10_7_img_03_425501800_01136.jpg,val,near_duplicate,hamming=3
codebrim_image_0000208.jpg <-> gc10_9_img_01_425382900_00002.jpg,val,near_duplicate,hamming=3
codebrim_image_0000208.jpg <-> gc10_9_img_06_427199900_01016.jpg,val,near_duplicate,hamming=3
codebrim_image_0000208.jpg <-> gc10_1_img_06_3402617500_00787.jpg,val,near_duplicate,hamming=3
codebrim_image_0000208.jpg <-> rbfcorr_image127_jpeg.rf.af506e535b6b9fb6980472cee913ef0e.jpg,val,near_duplicate,hamming=3
codebrim_image_0000229.jpg <-> gc10_10_img_06_425614600_00419.jpg,val,near_duplicate,hamming=2
codebrim_image_0000229.jpg <-> gc10_2_img_07_3403334800_00898.jpg,val,near_duplicate,hamming=2
codebrim_image_0000229.jpg <-> gc10_1_img_06_424799300_01133.jpg,val,near_duplicate,hamming=3
codebrim_image_0000229.jpg <-> gc10_2_img_07_3403334600_00682.jpg,val,near_duplicate,hamming=3
codebrim_image_0000229.jpg <-> gc10_2_img_06_425502600_00053.jpg,val,near_duplicate,hamming=3
codebrim_image_0000229.jpg <-> gc10_2_img_07_3403404600_01001.jpg,val,near_duplicate,hamming=3
codebrim_image_0000229.jpg <-> gc10_5_img_07_425100400_00067.jpg,val,near_duplicate,hamming=3
codebrim_image_0000312.jpg <-> gc10_10_img_06_425614600_00412.jpg,val,near_duplicate,hamming=3
codebrim_image_0000312.jpg <-> gc10_10_img_06_425614600_00426.jpg,val,near_duplicate,hamming=3
codebrim_image_0000312.jpg <-> gc10_1_img_06_424799500_00921.jpg,val,near_duplicate,hamming=3
codebrim_image_0000312.jpg <-> gc10_4_img_01_425008000_00140.jpg,val,near_duplicate,hamming=3
codebrim_image_0000312.jpg <-> gc10_4_img_01_425008500_00636.jpg,val,near_duplicate,hamming=3
codebrim_image_0000312.jpg <-> gc10_4_img_01_425243600_01071.jpg,val,near_duplicate,hamming=3
codebrim_image_0000312.jpg <-> gc10_4_img_01_425244100_00682.jpg,val,near_duplicate,hamming=3
codebrim_image_0000312.jpg <-> gc10_5_img_02_425613800_00218.jpg,val,near_duplicate,hamming=3
codebrim_image_0000312.jpg <-> gc10_5_img_07_425100400_00094.jpg,val,near_duplicate,hamming=3
codebrim_image_0000312.jpg <-> gc10_5_img_07_425100400_00100.jpg,val,near_duplicate,hamming=3
codebrim_image_0000312.jpg <-> gc10_6_img_05_4406743300_00377.jpg,val,near_duplicate,hamming=3
codebrim_image_0000312.jpg <-> gc10_6_img_05_4406743300_00384.jpg,val,near_duplicate,hamming=3
codebrim_image_0000312.jpg <-> gc10_6_img_07_4406645900_00526.jpg,val,near_duplicate,hamming=3
codebrim_image_0000312.jpg <-> gc10_6_img_07_4406645900_00539.jpg,val,near_duplicate,hamming=3
codebrim_image_0000312.jpg <-> gc10_6_img_07_4406645900_00603.jpg,val,near_duplicate,hamming=3
codebrim_image_0000312.jpg <-> gc10_6_img_07_4406645900_00650.jpg,val,near_duplicate,hamming=3
codebrim_image_0000312.jpg <-> gc10_6_img_07_4406645900_00693.jpg,val,near_duplicate,hamming=3
codebrim_image_0000312.jpg <-> gc10_6_img_07_4406645900_00824.jpg,val,near_duplicate,hamming=3
codebrim_image_0000312.jpg <-> gc10_7_img_02_425613800_00034.jpg,val,near_duplicate,hamming=3
codebrim_image_0000312.jpg <-> gc10_7_img_03_425501800_01136.jpg,val,near_duplicate,hamming=3
codebrim_image_0000312.jpg <-> gc10_9_img_01_425382900_00002.jpg,val,near_duplicate,hamming=3
codebrim_image_0000312.jpg <-> gc10_9_img_06_427199900_01016.jpg,val,near_duplicate,hamming=3
codebrim_image_0000312.jpg <-> gc10_10_img_06_425614600_00435.jpg,val,near_duplicate,hamming=3
codebrim_image_0000312.jpg <-> gc10_1_img_06_3403333200_00785.jpg,val,near_duplicate,hamming=3
codebrim_image_0000312.jpg <-> gc10_2_img_06_3403337800_00766.jpg,val,near_duplicate,hamming=3
codebrim_image_0000312.jpg <-> gc10_4_img_03_436164700_00257.jpg,val,near_duplicate,hamming=2
codebrim_image_0000312.jpg <-> gc10_5_img_07_436163600_00084.jpg,val,near_duplicate,hamming=3
codebrim_image_0000312.jpg <-> gc10_6_img_03_425505400_01033.jpg,val,near_duplicate,hamming=3
codebrim_image_0000312.jpg <-> gc10_7_img_03_425501800_01154.jpg,val,near_duplicate,hamming=3
codebrim_image_0000312.jpg <-> rbfcorr_image127_jpeg.rf.af506e535b6b9fb6980472cee913ef0e.jpg,val,near_duplicate,hamming=1
codebrim_image_0000383.jpg <-> gc10_10_img_06_425614600_00412.jpg,val,near_duplicate,hamming=3
codebrim_image_0000383.jpg <-> gc10_10_img_06_425614600_00426.jpg,val,near_duplicate,hamming=3
codebrim_image_0000383.jpg <-> gc10_1_img_06_424799500_00921.jpg,val,near_duplicate,hamming=3
codebrim_image_0000383.jpg <-> gc10_4_img_01_425008000_00140.jpg,val,near_duplicate,hamming=3
codebrim_image_0000383.jpg <-> gc10_4_img_01_425008500_00636.jpg,val,near_duplicate,hamming=3
codebrim_image_0000383.jpg <-> gc10_4_img_01_425243600_01071.jpg,val,near_duplicate,hamming=3
codebrim_image_0000383.jpg <-> gc10_4_img_01_425244100_00682.jpg,val,near_duplicate,hamming=3
codebrim_image_0000383.jpg <-> gc10_5_img_02_425613800_00218.jpg,val,near_duplicate,hamming=3
codebrim_image_0000383.jpg <-> gc10_5_img_07_425100400_00094.jpg,val,near_duplicate,hamming=3
codebrim_image_0000383.jpg <-> gc10_5_img_07_425100400_00100.jpg,val,near_duplicate,hamming=3
codebrim_image_0000383.jpg <-> gc10_6_img_05_4406743300_00377.jpg,val,near_duplicate,hamming=3
codebrim_image_0000383.jpg <-> gc10_6_img_05_4406743300_00384.jpg,val,near_duplicate,hamming=3
codebrim_image_0000383.jpg <-> gc10_6_img_07_4406645900_00526.jpg,val,near_duplicate,hamming=3
codebrim_image_0000383.jpg <-> gc10_6_img_07_4406645900_00539.jpg,val,near_duplicate,hamming=3
codebrim_image_0000383.jpg <-> gc10_6_img_07_4406645900_00603.jpg,val,near_duplicate,hamming=3
codebrim_image_0000383.jpg <-> gc10_6_img_07_4406645900_00650.jpg,val,near_duplicate,hamming=3
codebrim_image_0000383.jpg <-> gc10_6_img_07_4406645900_00693.jpg,val,near_duplicate,hamming=3
codebrim_image_0000383.jpg <-> gc10_6_img_07_4406645900_00824.jpg,val,near_duplicate,hamming=3
codebrim_image_0000383.jpg <-> gc10_7_img_02_425613800_00034.jpg,val,near_duplicate,hamming=3
codebrim_image_0000383.jpg <-> gc10_7_img_03_425501800_01136.jpg,val,near_duplicate,hamming=3
codebrim_image_0000383.jpg <-> gc10_9_img_01_425382900_00002.jpg,val,near_duplicate,hamming=3
codebrim_image_0000383.jpg <-> gc10_9_img_06_427199900_01016.jpg,val,near_duplicate,hamming=3
codebrim_image_0000383.jpg <-> gc10_1_img_06_3402617500_00787.jpg,val,near_duplicate,hamming=3
codebrim_image_0000534.jpg <-> gc10_10_img_06_425614600_00412.jpg,val,near_duplicate,hamming=2
codebrim_image_0000534.jpg <-> gc10_10_img_06_425614600_00426.jpg,val,near_duplicate,hamming=2
codebrim_image_0000534.jpg <-> gc10_1_img_06_424799500_00921.jpg,val,near_duplicate,hamming=2
codebrim_image_0000534.jpg <-> gc10_4_img_01_425008000_00140.jpg,val,near_duplicate,hamming=2
codebrim_image_0000534.jpg <-> gc10_4_img_01_425008500_00636.jpg,val,near_duplicate,hamming=2
codebrim_image_0000534.jpg <-> gc10_4_img_01_425243600_01071.jpg,val,near_duplicate,hamming=2
codebrim_image_0000534.jpg <-> gc10_4_img_01_425244100_00682.jpg,val,near_duplicate,hamming=2
codebrim_image_0000534.jpg <-> gc10_5_img_02_425613800_00218.jpg,val,near_duplicate,hamming=2
codebrim_image_0000534.jpg <-> gc10_5_img_07_425100400_00094.jpg,val,near_duplicate,hamming=2
codebrim_image_0000534.jpg <-> gc10_5_img_07_425100400_00100.jpg,val,near_duplicate,hamming=2
codebrim_image_0000534.jpg <-> gc10_6_img_05_4406743300_00377.jpg,val,near_duplicate,hamming=2
codebrim_image_0000534.jpg <-> gc10_6_img_05_4406743300_00384.jpg,val,near_duplicate,hamming=2
codebrim_image_0000534.jpg <-> gc10_6_img_07_4406645900_00526.jpg,val,near_duplicate,hamming=2
codebrim_image_0000534.jpg <-> gc10_6_img_07_4406645900_00539.jpg,val,near_duplicate,hamming=2
codebrim_image_0000534.jpg <-> gc10_6_img_07_4406645900_00603.jpg,val,near_duplicate,hamming=2
"codebrim_image_0000534.jpg, gc10_10_img_06_425614600_00419.jpg, gc10_2_img_07_3403334800_00898.jpg",val,exact_duplicate_cross_dataset,"count=3 sources={'gc10', 'codebrim'}"
"gc10_6_img_04_425005700_00163.jpg, rbfpipe_4853b72d-43f3-4635-87ca-1997e536020c_jpg.rf.767d775fecff2e4fcac647f3541a593e.jpg",val,exact_duplicate_cross_dataset,"count=2 sources={'gc10', 'rbfpipe'}"
codebrim_image_0000466.jpg,test,tiny_bbox,class=rust area=0.000620
codebrim_image_0000466.jpg,test,tiny_bbox,class=damage area=0.000620
codebrim_image_0001068.jpg,test,huge_bbox,class=damage area=0.9968
codebrim_image_0001109.jpg,test,huge_bbox,class=rust area=0.9939
codebrim_image_0001109.jpg,test,huge_bbox,class=damage area=0.9939
codebrim_image_0001184.jpg,test,huge_bbox,class=rust area=0.9830
codebrim_image_0001184.jpg,test,huge_bbox,class=damage area=0.9830
codebrim_image_0001374.jpg,test,huge_bbox,class=damage area=0.8664
codebrim_image_0001451.jpg,test,huge_bbox,class=rust area=0.9926
codebrim_image_0001451.jpg,test,huge_bbox,class=damage area=0.9926
codebrim_image_0001558.jpg,test,huge_bbox,class=rust area=0.9776
codebrim_image_0001558.jpg,test,huge_bbox,class=damage area=0.9776
gc10_2_img_02_3402617700_01009.jpg,test,tiny_bbox,class=damage area=0.000500
gc10_2_img_02_425389800_00017.jpg,test,tiny_bbox,class=damage area=0.000281
gc10_2_img_02_425613500_00597.jpg,test,tiny_bbox,class=damage area=0.000289
gc10_5_img_03_425391000_00489.jpg,test,tiny_bbox,class=leak area=0.000922
gc10_5_img_07_425390900_00059.jpg,test,tiny_bbox,class=leak area=0.000932
gc10_7_img_08_425508100_01294.jpg,test,tiny_bbox,class=damage area=0.000885
rbfcorr_Harsha-107-_jpg.rf.fc4d5e5f039ebeb2695ba08aa68e7b3a.jpg,test,tiny_bbox,class=rust area=0.000898
rbfcorr_Harsha-109-_jpg.rf.5926ae2bbb0af80e4c6656217ee8dc96.jpg,test,tiny_bbox,class=rust area=0.000898
rbfcorr_Harsha-227-_jpg.rf.e71358b438952de9bc6d5e7a90155b88.jpg,test,tiny_bbox,class=rust area=0.000920
rbfcorr_Harsha-227-_jpg.rf.e71358b438952de9bc6d5e7a90155b88.jpg,test,tiny_bbox,class=rust area=0.000396
rbfcorr_Harsha-227-_jpg.rf.e71358b438952de9bc6d5e7a90155b88.jpg,test,tiny_bbox,class=rust area=0.000635
rbfcorr_Harsha-358-_jpg.rf.3d3f15458634f8c1cf5313198f4f3dce.jpg,test,tiny_bbox,class=rust area=0.000615
rbfcorr_Harsha-387-_jpg.rf.1d4d70afe118fa93d6b45f540f2ffaf7.jpg,test,tiny_bbox,class=rust area=0.000527
rbfcorr_Harsha-457-_jpg.rf.09406a8fc66642ed28a3d29b30605108.jpg,test,tiny_bbox,class=rust area=0.000830
rbfcorr_Harsha-57-_jpg.rf.67f78c26fdf73d5b579459616b630f2f.jpg,test,tiny_bbox,class=rust area=0.000732
rbfcorr_image100_1_jpeg.rf.06d1164f5f1b63c3b6271a63d86a4ddf.jpg,test,huge_bbox,class=rust area=0.9971
rbfcorr_image104_1_jpeg.rf.54d0de63fd7b18fe0d13f8849a6d3e24.jpg,test,huge_bbox,class=rust area=0.9971
rbfcorr_image111_jpeg.rf.12976b08d171ab8b5544255a646c6cd6.jpg,test,tiny_bbox,class=rust area=0.000000
rbfcorr_image99_1_jpeg.rf.b673a1d2a81293e169a2b6ebc592caa7.jpg,test,tiny_bbox,class=rust area=0.000002
rbfcorr_img100_jpg.rf.f3c4202bd39a6eb9057b77ba7f902aa6.jpg,test,tiny_bbox,class=rust area=0.000526
rbfcorr_img100_jpg.rf.f3c4202bd39a6eb9057b77ba7f902aa6.jpg,test,tiny_bbox,class=rust area=0.000809
rbfcorr_img14_jpg.rf.4d1a05399f97c34fb08f5aeef0ebc551.jpg,test,tiny_bbox,class=rust area=0.000666
rbfcorr_img160_jpg.rf.e1be4bceece8049a71b5ce8c5f638514.jpg,test,tiny_bbox,class=rust area=0.000647
rbfcorr_img170_jpg.rf.78d4becd85170c27b2b72c734c67c40e.jpg,test,tiny_bbox,class=rust area=0.000743
rbfcorr_img211_jpg.rf.9e8d4c2e2876961313a3fe44fe382e15.jpg,test,tiny_bbox,class=rust area=0.000700
rbfcorr_img217_jpg.rf.7717237ff82a5812333cc71ea042f545.jpg,test,huge_bbox,class=rust area=0.9248
rbfcorr_img218_jpg.rf.5c86c0ef0e8df2396b78b23520b6ff7f.jpg,test,tiny_bbox,class=rust area=0.000697
rbfcorr_img247_jpg.rf.a491b192010a8ed3a24c766d97338870.jpg,test,tiny_bbox,class=rust area=0.000815
rbfcorr_img247_jpg.rf.a491b192010a8ed3a24c766d97338870.jpg,test,tiny_bbox,class=rust area=0.000296
rbfcorr_img247_jpg.rf.a491b192010a8ed3a24c766d97338870.jpg,test,tiny_bbox,class=rust area=0.000519
rbfcorr_img37_jpg.rf.c6b1b3d59f2091a7b7230c6aa4bf2f08.jpg,test,huge_bbox,class=rust area=0.8533
rbfoil2_1-6-_jpg.rf.96c45809d2952539417b70bfd5c48007.jpg,test,huge_bbox,class=leak area=0.9354
rbfoil2_1005_jpg.rf.11edef467c51e1019946ae2450d1a223.jpg,test,tiny_bbox,class=leak area=0.000101
rbfoil2_1005_jpg.rf.fadfafdc011640468526cf7ff7044e06.jpg,test,tiny_bbox,class=leak area=0.000101
rbfoil2_1010_jpg.rf.a8f436350f4b9442191abd913a73bd9d.jpg,test,tiny_bbox,class=leak area=0.000885
rbfoil2_1010_jpg.rf.f1affbd52f49cc4069812e09fb81a69d.jpg,test,tiny_bbox,class=leak area=0.000885
rbfoil2_1012_jpg.rf.18fa981ab7c3f6c679b1f2e249de9ee4.jpg,test,tiny_bbox,class=leak area=0.000801
rbfoil2_1017_jpg.rf.88f84d10fc104ee7f15dac9e8375b718.jpg,test,tiny_bbox,class=leak area=0.000646
rbfoil2_1018_jpg.rf.03975d00cfc101bbc708db5955cab8e0.jpg,test,tiny_bbox,class=leak area=0.000751
rbfoil2_1018_jpg.rf.1ba0e9902d00bc480801507fc8568706.jpg,test,tiny_bbox,class=leak area=0.000751
rbfoil2_1019_jpg.rf.9e3bc1569025759e948cdca0bfdf2531.jpg,test,tiny_bbox,class=leak area=0.000651
rbfoil2_2021-08-11-14-46-pic_32ratio_900x600-900x600-87574_jpg.rf.7451612a115dc5173ad55c6bd308aa76.jpg,test,huge_bbox,class=leak area=0.8281
rbfoil2_2021-08-11-14-46-pic_32ratio_900x600-900x600-87574_jpg.rf.d329363d3cd890a399f6ab2e2d7f1a36.jpg,test,huge_bbox,class=leak area=0.8281
rbfoil2_2021-08-11-14-46-pic_32ratio_900x600-900x600-87574_jpg.rf.e9c383b94b125f27c7977703c7ff68d4.jpg,test,huge_bbox,class=leak area=0.8281
rbfoil2_9c9cf8c86d88a0f62bf22ba6931467bd_jpg.rf.94aa9c636925073cff776bbfae66aa2b.jpg,test,huge_bbox,class=leak area=0.9080
rbfoil2______thumb_fed_photo_jpg.rf.28055d93ee1dcc68aad378b578674369.jpg,test,huge_bbox,class=leak area=0.9545
rbfoil2______thumb_fed_photo_jpg.rf.649d961d7a277a85a9a57bef5a3ae60d.jpg,test,huge_bbox,class=leak area=0.9545
rbfoil2______thumb_fed_photo_jpg.rf.a535ec6adef5b3b09701fa74b78403b6.jpg,test,huge_bbox,class=leak area=0.9545
rbfoil2_gasoline-spill-ocean-260nw-8788099_jpg.rf.436d7a279707084ea3e4c044ef84701e.jpg,test,huge_bbox,class=leak area=0.9232
rbfoil2_gasoline-spill-ocean-260nw-8788099_jpg.rf.4cdfe524a9ca0d59b57b620ec2aeadd2.jpg,test,huge_bbox,class=leak area=0.9232
rbfoil2_Train1-149-_jpg.rf.a4d814652f53bddf1fc9ff6d7db683e5.jpg,test,huge_bbox,class=leak area=0.9496
rbfoil2_Train1-156-_jpg.rf.fb4c768cd4e4b6dd1152663db8ec2a5a.jpg,test,huge_bbox,class=leak area=0.9803
rbfoil2_Train1-66-_jpg.rf.381147608c017f26c78f62365941304c.jpg,test,huge_bbox,class=leak area=0.9195
rbfoil2_Train1-66-_jpg.rf.c0198400214b6f7d3f7527b1cd0b9e6f.jpg,test,huge_bbox,class=leak area=0.9195
rbfoil2_train3-88-_jpg.rf.9db268a50fe191db93f188af707115d2.jpg,test,huge_bbox,class=leak area=0.8005
rbfpipe_01389-3080412908-little-corrosion-spot-Clear-border-realistic-masterpiece-best-quality-single-background-simple-background-_png.rf.7328719a0d2bb9f2311c62c5f791377f.jpg,test,tiny_bbox,class=rust area=0.000501
rbfpipe_01389-3080412908-little-corrosion-spot-Clear-border-realistic-masterpiece-best-quality-single-background-simple-background-_png.rf.7328719a0d2bb9f2311c62c5f791377f.jpg,test,tiny_bbox,class=rust area=0.000504
rbfpipe_01389-3080412908-little-corrosion-spot-Clear-border-realistic-masterpiece-best-quality-single-background-simple-background-_png.rf.7328719a0d2bb9f2311c62c5f791377f.jpg,test,tiny_bbox,class=rust area=0.000687
rbfpipe_01715-3452288745-little-corrosion-spot-Clear-border-realistic-masterpiece-best-quality-single-background-simple-background-_png.rf.e3f2505cfe6d12e16b07a38f34d9c6e1.jpg,test,tiny_bbox,class=rust area=0.000047
rbfpipe_01715-3452288745-little-corrosion-spot-Clear-border-realistic-masterpiece-best-quality-single-background-simple-background-_png.rf.e3f2505cfe6d12e16b07a38f34d9c6e1.jpg,test,tiny_bbox,class=rust area=0.000249
rbfpipe_01726-3452288756-little-corrosion-spot-Clear-border-realistic-masterpiece-best-quality-single-background-simple-background-_png.rf.0f18b89e67c524bf7c603cd84c530df1.jpg,test,tiny_bbox,class=rust area=0.000160
rbfpipe_01757-891924998-little-corrosion-spot-Clear-border-realistic-masterpiece-best-quality-single-background-simple-background-_png.rf.d8397d1db88f001b9ff9139a12f32102.jpg,test,tiny_bbox,class=rust area=0.000481
rbfpipe_01757-891924998-little-corrosion-spot-Clear-border-realistic-masterpiece-best-quality-single-background-simple-background-_png.rf.d8397d1db88f001b9ff9139a12f32102.jpg,test,tiny_bbox,class=rust area=0.000257
rbfpipe_01757-891924998-little-corrosion-spot-Clear-border-realistic-masterpiece-best-quality-single-background-simple-background-_png.rf.d8397d1db88f001b9ff9139a12f32102.jpg,test,tiny_bbox,class=rust area=0.000415
rbfpipe_01757-891924998-little-corrosion-spot-Clear-border-realistic-masterpiece-best-quality-single-background-simple-background-_png.rf.d8397d1db88f001b9ff9139a12f32102.jpg,test,tiny_bbox,class=rust area=0.000668
rbfpipe_01781-891925022-little-corrosion-spot-Clear-border-realistic-masterpiece-best-quality-single-background-simple-background-_png.rf.b04fe1748c3b23f068d96265ab814918.jpg,test,tiny_bbox,class=rust area=0.000734
rbfpipe_01781-891925022-little-corrosion-spot-Clear-border-realistic-masterpiece-best-quality-single-background-simple-background-_png.rf.b04fe1748c3b23f068d96265ab814918.jpg,test,tiny_bbox,class=rust area=0.000040
rbfpipe_01781-891925022-little-corrosion-spot-Clear-border-realistic-masterpiece-best-quality-single-background-simple-background-_png.rf.b04fe1748c3b23f068d96265ab814918.jpg,test,tiny_bbox,class=rust area=0.000131
rbfpipe_01781-891925022-little-corrosion-spot-Clear-border-realistic-masterpiece-best-quality-single-background-simple-background-_png.rf.b04fe1748c3b23f068d96265ab814918.jpg,test,tiny_bbox,class=rust area=0.000063
rbfpipe_01798-891925039-little-corrosion-spot-Clear-border-realistic-masterpiece-best-quality-single-background-simple-background-_png.rf.26ce44df9c480ffbc5f4331cd7c68cdc.jpg,test,tiny_bbox,class=rust area=0.000441
rbfpipe_01798-891925039-little-corrosion-spot-Clear-border-realistic-masterpiece-best-quality-single-background-simple-background-_png.rf.26ce44df9c480ffbc5f4331cd7c68cdc.jpg,test,tiny_bbox,class=rust area=0.000521
rbfpipe_01798-891925039-little-corrosion-spot-Clear-border-realistic-masterpiece-best-quality-single-background-simple-background-_png.rf.26ce44df9c480ffbc5f4331cd7c68cdc.jpg,test,tiny_bbox,class=rust area=0.000401
rbfpipe_01798-891925039-little-corrosion-spot-Clear-border-realistic-masterpiece-best-quality-single-background-simple-background-_png.rf.26ce44df9c480ffbc5f4331cd7c68cdc.jpg,test,tiny_bbox,class=rust area=0.000446
rbfpipe_01798-891925039-little-corrosion-spot-Clear-border-realistic-masterpiece-best-quality-single-background-simple-background-_png.rf.26ce44df9c480ffbc5f4331cd7c68cdc.jpg,test,tiny_bbox,class=rust area=0.000186
rbfpipe_01798-891925039-little-corrosion-spot-Clear-border-realistic-masterpiece-best-quality-single-background-simple-background-_png.rf.26ce44df9c480ffbc5f4331cd7c68cdc.jpg,test,tiny_bbox,class=rust area=0.000160
rbfpipe_01798-891925039-little-corrosion-spot-Clear-border-realistic-masterpiece-best-quality-single-background-simple-background-_png.rf.26ce44df9c480ffbc5f4331cd7c68cdc.jpg,test,tiny_bbox,class=rust area=0.000031
rbfpipe_01798-891925039-little-corrosion-spot-Clear-border-realistic-masterpiece-best-quality-single-background-simple-background-_png.rf.26ce44df9c480ffbc5f4331cd7c68cdc.jpg,test,tiny_bbox,class=rust area=0.000824
rbfpipe_01798-891925039-little-corrosion-spot-Clear-border-realistic-masterpiece-best-quality-single-background-simple-background-_png.rf.26ce44df9c480ffbc5f4331cd7c68cdc.jpg,test,tiny_bbox,class=rust area=0.000136
rbfpipe_01798-891925039-little-corrosion-spot-Clear-border-realistic-masterpiece-best-quality-single-background-simple-background-_png.rf.26ce44df9c480ffbc5f4331cd7c68cdc.jpg,test,tiny_bbox,class=rust area=0.000072
rbfpipe_02160-2913940938-big-corrosion-spot-Clear-border-realistic-masterpiece-best-quality-single-background-simple-background-_png.rf.a0b16f70ce2a922ead8fbe62a659ca0a.jpg,test,tiny_bbox,class=rust area=0.000776
rbfpipe_02160-2913940938-big-corrosion-spot-Clear-border-realistic-masterpiece-best-quality-single-background-simple-background-_png.rf.a0b16f70ce2a922ead8fbe62a659ca0a.jpg,test,tiny_bbox,class=rust area=0.000857
rbfpipe_02160-2913940938-big-corrosion-spot-Clear-border-realistic-masterpiece-best-quality-single-background-simple-background-_png.rf.a0b16f70ce2a922ead8fbe62a659ca0a.jpg,test,tiny_bbox,class=rust area=0.000115
rbfpipe_02160-2913940938-big-corrosion-spot-Clear-border-realistic-masterpiece-best-quality-single-background-simple-background-_png.rf.a0b16f70ce2a922ead8fbe62a659ca0a.jpg,test,tiny_bbox,class=rust area=0.000290
rbfpipe_02160-2913940938-big-corrosion-spot-Clear-border-realistic-masterpiece-best-quality-single-background-simple-background-_png.rf.a0b16f70ce2a922ead8fbe62a659ca0a.jpg,test,tiny_bbox,class=rust area=0.000076
rbfpipe_02160-2913940938-big-corrosion-spot-Clear-border-realistic-masterpiece-best-quality-single-background-simple-background-_png.rf.a0b16f70ce2a922ead8fbe62a659ca0a.jpg,test,tiny_bbox,class=rust area=0.000329
rbfpipe_02160-2913940938-big-corrosion-spot-Clear-border-realistic-masterpiece-best-quality-single-background-simple-background-_png.rf.a0b16f70ce2a922ead8fbe62a659ca0a.jpg,test,tiny_bbox,class=rust area=0.000174
rbfpipe_02160-2913940938-big-corrosion-spot-Clear-border-realistic-masterpiece-best-quality-single-background-simple-background-_png.rf.a0b16f70ce2a922ead8fbe62a659ca0a.jpg,test,tiny_bbox,class=rust area=0.000047
rbfpipe_02160-2913940938-big-corrosion-spot-Clear-border-realistic-masterpiece-best-quality-single-background-simple-background-_png.rf.a0b16f70ce2a922ead8fbe62a659ca0a.jpg,test,tiny_bbox,class=rust area=0.000073
rbfpipe_02160-2913940938-big-corrosion-spot-Clear-border-realistic-masterpiece-best-quality-single-background-simple-background-_png.rf.a0b16f70ce2a922ead8fbe62a659ca0a.jpg,test,tiny_bbox,class=rust area=0.000124
rbfpipe_02160-2913940938-big-corrosion-spot-Clear-border-realistic-masterpiece-best-quality-single-background-simple-background-_png.rf.a0b16f70ce2a922ead8fbe62a659ca0a.jpg,test,tiny_bbox,class=rust area=0.000046
rbfpipe_02160-2913940938-big-corrosion-spot-Clear-border-realistic-masterpiece-best-quality-single-background-simple-background-_png.rf.a0b16f70ce2a922ead8fbe62a659ca0a.jpg,test,tiny_bbox,class=rust area=0.000076
rbfpipe_02160-2913940938-big-corrosion-spot-Clear-border-realistic-masterpiece-best-quality-single-background-simple-background-_png.rf.a0b16f70ce2a922ead8fbe62a659ca0a.jpg,test,tiny_bbox,class=rust area=0.000153
rbfpipe_02160-2913940938-big-corrosion-spot-Clear-border-realistic-masterpiece-best-quality-single-background-simple-background-_png.rf.a0b16f70ce2a922ead8fbe62a659ca0a.jpg,test,tiny_bbox,class=rust area=0.000019
rbfpipe_02160-2913940938-big-corrosion-spot-Clear-border-realistic-masterpiece-best-quality-single-background-simple-background-_png.rf.a0b16f70ce2a922ead8fbe62a659ca0a.jpg,test,tiny_bbox,class=rust area=0.000122
rbfpipe_02160-2913940938-big-corrosion-spot-Clear-border-realistic-masterpiece-best-quality-single-background-simple-background-_png.rf.a0b16f70ce2a922ead8fbe62a659ca0a.jpg,test,tiny_bbox,class=rust area=0.000080
rbfpipe_02160-2913940938-big-corrosion-spot-Clear-border-realistic-masterpiece-best-quality-single-background-simple-background-_png.rf.a0b16f70ce2a922ead8fbe62a659ca0a.jpg,test,tiny_bbox,class=rust area=0.000100
rbfpipe_02160-2913940938-big-corrosion-spot-Clear-border-realistic-masterpiece-best-quality-single-background-simple-background-_png.rf.a0b16f70ce2a922ead8fbe62a659ca0a.jpg,test,tiny_bbox,class=rust area=0.000069
rbfpipe_02160-2913940938-big-corrosion-spot-Clear-border-realistic-masterpiece-best-quality-single-background-simple-background-_png.rf.a0b16f70ce2a922ead8fbe62a659ca0a.jpg,test,tiny_bbox,class=rust area=0.000069
rbfpipe_02160-2913940938-big-corrosion-spot-Clear-border-realistic-masterpiece-best-quality-single-background-simple-background-_png.rf.a0b16f70ce2a922ead8fbe62a659ca0a.jpg,test,tiny_bbox,class=rust area=0.000095
rbfpipe_02160-2913940938-big-corrosion-spot-Clear-border-realistic-masterpiece-best-quality-single-background-simple-background-_png.rf.a0b16f70ce2a922ead8fbe62a659ca0a.jpg,test,tiny_bbox,class=rust area=0.000427
rbfpipe_image_16701_jpg.rf.6984497afecaa42e98566ea86d4813d5.jpg,test,tiny_bbox,class=damage area=0.000647
rbfpipe_L15_jpg.rf.fd43b78e77fb69019ec890531d591884.jpg,test,tiny_bbox,class=rust area=0.000230
rbfpipe_L15_jpg.rf.fd43b78e77fb69019ec890531d591884.jpg,test,tiny_bbox,class=rust area=0.000342
codebrim_image_0000285.jpg <-> gc10_2_img_03_425614400_00001.jpg,test,near_duplicate,hamming=2
codebrim_image_0000965.jpg <-> gc10_3_img_01_425503600_00016.jpg,test,near_duplicate,hamming=3
codebrim_image_0000965.jpg <-> gc10_4_img_07_425503000_00061.jpg,test,near_duplicate,hamming=3
codebrim_image_0000965.jpg <-> gc10_6_img_01_4406743300_00020.jpg,test,near_duplicate,hamming=3
codebrim_image_0000965.jpg <-> gc10_6_img_07_4406743300_00040.jpg,test,near_duplicate,hamming=3
codebrim_image_0000965.jpg <-> gc10_7_img_07_425503100_00007.jpg,test,near_duplicate,hamming=3
codebrim_image_0000965.jpg <-> gc10_7_img_07_425508400_00965.jpg,test,near_duplicate,hamming=3
gc10_10_img_06_425614600_00406.jpg <-> rbfcorr_image140_png.rf.3c5de21cb3712387096f50a05a9e08dd.jpg,test,near_duplicate,hamming=2
gc10_10_img_06_425614600_00420.jpg <-> rbfcorr_image140_png.rf.3c5de21cb3712387096f50a05a9e08dd.jpg,test,near_duplicate,hamming=2
gc10_4_img_01_425007600_00286.jpg <-> rbfcorr_image140_png.rf.3c5de21cb3712387096f50a05a9e08dd.jpg,test,near_duplicate,hamming=2
gc10_4_img_03_425505000_00110.jpg <-> rbfcorr_image140_png.rf.3c5de21cb3712387096f50a05a9e08dd.jpg,test,near_duplicate,hamming=2
gc10_5_img_06_425502300_01437.jpg <-> rbfcorr_image140_png.rf.3c5de21cb3712387096f50a05a9e08dd.jpg,test,near_duplicate,hamming=2
gc10_6_img_07_4406645900_00631.jpg <-> rbfcorr_image140_png.rf.3c5de21cb3712387096f50a05a9e08dd.jpg,test,near_duplicate,hamming=2
gc10_6_img_07_4406645900_00781.jpg <-> rbfcorr_image140_png.rf.3c5de21cb3712387096f50a05a9e08dd.jpg,test,near_duplicate,hamming=2
gc10_4_img_01_425243600_00329.jpg <-> rbfcorr_image140_png.rf.3c5de21cb3712387096f50a05a9e08dd.jpg,test,near_duplicate,hamming=3
gc10_5_img_07_425100400_00088.jpg <-> rbfcorr_image140_png.rf.3c5de21cb3712387096f50a05a9e08dd.jpg,test,near_duplicate,hamming=3
